pilot_id,qid,scenario,question,ground_truth,student_incorrect_solution,student_profile,teacher_described_confusion,self-correctness,self-typical-confusion,self-typical-interactions,conversation
D01,6000043,5,"Сэм продаёт хлеб. У него цель — продать 120 ящиков хлеба за неделю. На одной неделе он был закрыт в понедельник и пятницу. На выходных он продал 20 ящиков. Во вторник он продал 15 ящиков, в среду 12 ящиков, а в четверг 18 ящиков. На сколько ящиков Сэм не дотянул до своей цели за неделю?","За всю неделю Сэм продал 15 + 12 + 18 + 20 = 65 ящиков.
Сэм не дотянул до цели на 120 - 65 = 55 ящиков.
 55","У Сэма было 5 дней, чтобы продавать хлеб, потому что он был закрыт в понедельник и пятницу.
Он продал в общей сложности 20 + 15 + 12 + 18 = 65 ящиков хлеба со вторника по четверг.
Добавив 20 ящиков, проданных на выходных, Сэм продал в общей сложности 65 + 20 = 85 ящиков хлеба за неделю.
Сэм не дотянул до своей цели на 120 - 85 = 35 ящиков хлеба.
 35",Lakisha is a 7th grade student. She struggle most with understanding what the problem is asking them to do.,"although in the original answer it was a silly confusion, but during the conversation that confusion was cleared and yet the answer remained same, so it became an arithmetic error.","Yes, but I had to reveal the answer",4,3,"Teacher: (generic)Привет, не могла бы ты объяснить мне своё решение?|EOM|Student: Конечно. Я начала с подсчёта количества дней, которые у Сэма были для продажи хлеба. Он был закрыт в понедельник и пятницу, так что у него было 5 дней для продажи хлеба. Затем я посчитала общее количество ящиков, которые он продал со вторника по четверг. Я добавила 20 ящиков, проданных на выходных, чтобы получить общее количество ящиков, проданных за неделю. Наконец, я вычла общее количество проданных ящиков из его цели в 120 ящиков, чтобы узнать, на сколько ящиков он не дотянул до цели.|EOM|Teacher: (generic)Не могла бы ты показать мне вычисления пошагово с объяснением?|EOM|Student: Конечно. Во вторник он продал 15 ящиков, в среду 12 ящиков, а в четверг 18 ящиков. Итак, общее количество ящиков, проданных со вторника по четверг, составило 15 + 12 + 18 = 45. Добавив 20 ящиков, проданных на выходных, общее количество ящиков, проданных за неделю, составило 45 + 20 = 65 ящиков. Чтобы узнать, на сколько ящиков он не дотянул до цели, я вычла общее количество проданных ящиков (65) из его цели в 120 ящиков. Итак, ответ: 120 - 65 = 35 ящиков хлеба.|EOM|Teacher: (telling)Лакиша, ты видишь, 120-65=55, а не 35.|EOM|Student: Ой, понятно. Я ошиблась. Правильный ответ должен быть 120 - 65 = 55 ящиков хлеба."
D02,5001017,2,"Шеф-повар Мишель приготовил пастуший пирог, разрезанный на 4 куска, и куриный пирог, разрезанный на 5 кусков, для обеденных посетителей. 52 клиента заказали куски пастушьего пирога и 80 клиентов заказали куски куриного пирога. Сколько всего пирогов продал шеф-повар Мишель?","Шеф-повар Мишель продал 52 / 4 = 13 пастушьих пирогов.
Он продал 80 / 5 = 16 куриных пирогов.
Он продал всего 13 + 16 = 29 мясных пирогов.
 29","Шеф-повар Мишель приготовил 4 x 52 = 208 кусков пастушьего пирога.
Шеф-повар Мишель приготовил 5 x 80 = 400 кусков куриного пирога.
Шеф-повар Мишель продал 208/4 = 52 пастушьих пирога.
Шеф-повар Мишель продал 400/5 = 80 куриных пирогов.
Шеф-повар Мишель продал 52+80 = 132 пирога всего.
 132",Heidi is a 7th grade student. She has problem with understanding of underlying ideas and principles and a recognition of when to apply them.,they were multiplying the number instead of dividing it,Yes,5,5,"Teacher: (generic)Привет, Хайди, можешь объяснить мне своё решение?|EOM|Student: Конечно, я начала с того, что вычислила, сколько кусков пастушьего пирога приготовил шеф-повар Мишель. Я умножила 4 (количество кусков в каждом пироге) на 52 (количество клиентов, которые заказали куски пастушьего пирога) и получила 208. Потом я вычислила, сколько кусков куриного пирога приготовил шеф-повар Мишель. Я умножила 5 (количество кусков в каждом пироге) на 80 (количество клиентов, которые заказали куски куриного пирога) и получила 400. Далее я вычислила, сколько пастушьих пирогов продал шеф-повар Мишель, разделив 208 на 4, и получила 52. Потом я вычислила, сколько куриных пирогов продал шеф-повар Мишель, разделив 400 на 5, и получила 80. Наконец, я сложила количество пастушьих пирогов и количество куриных пирогов, чтобы получить общее количество пирогов, которые продал шеф-повар Мишель, и получилось 52 + 80 = 132.|EOM|Teacher: (probing)Хорошо. Давай немного упростим. Если четыре клиента хотят пастуший пирог, то сколько это пирогов?|EOM|Student: Если четыре клиента хотят пастуший пирог, то это будет 4/4 = 1 пирог.|EOM|Teacher: (probing)А если 12 клиентов хотят пастуший пирог?|EOM|Student: Если 12 клиентов хотят пастуший пирог, то это будет 12/4 = 3 пирога.|EOM|Teacher: (focus)Посмотри ещё раз на задачу и используй эту стратегию, чтобы вычислить, сколько пирогов понадобится, чтобы 52 клиента получили по куску?|EOM|Student: Да, если 52 клиента хотят пастуший пирог, то это будет 52/4 = 13 пирогов.|EOM|Teacher: (focus)Хорошо. Теперь используй тот же метод для куриного пирога|EOM|Student: Если 80 клиентов хотят куриный пирог, то это будет 80/5 = 16 пирогов.|EOM|Teacher: (focus)Отлично, а какой теперь последний шаг, чтобы ответить на вопрос?|EOM|Student: Последний шаг — сложить количество пастушьих пирогов и количество куриных пирогов, чтобы получить общее количество пирогов, которые продал шеф-повар Мишель, то есть 13 + 16 = 29 пирогов."
D03,6000047,4,"Сэнди хочет похудеть так же сильно, как Джоуи, но ей нужно 4 недели, чтобы сбросить столько же веса, сколько Джоуи сбрасывает за одну неделю. Если Джоуи сбрасывает 8 фунтов за 4 недели, сколько недель понадобится Сэнди, чтобы сбросить столько же веса?","Джоуи сбрасывает 8 фунтов / 4 недели = 2 фунта в неделю.
Чтобы сравняться с Джоуи, Сэнди должна сбрасывать 2 фунта / 4 = 0.5 фунта в неделю.
Чтобы найти количество недель, разделим количество фунтов на скорость снижения веса: 8 фунтов / 0.5 фунта в неделю = 16 недель
 16","Джоуи сбрасывает 8 фунтов за 4 недели, значит, он сбрасывает 8/4 = 2 фунта в неделю.
Чтобы сбросить столько же веса, сколько Джоуи, Сэнди нужно 4 недели * 2 фунта в неделю = 8 фунтов.
Поскольку Сэнди сбрасывает вес со скоростью 8 фунтов за 4 недели, ей понадобится 4 недели * 2 = 8 недель, чтобы сбросить столько же веса, сколько Джоуи.
 8",Heidi is a 7th grade student. She struggle to recognize the problem type and therefore do not know what strategy to use to solve it.,Student just wasn't understand the correct process at all,"Yes, but I had to reveal the answer",4,4,"Teacher: (focus)Хайди, можешь разобрать своё решение для меня|EOM|Student: Конечно. Джоуи сбрасывает 8 фунтов за 4 недели, значит, он сбрасывает 8/4 = 2 фунта в неделю. Чтобы сбросить столько же веса, сколько Джоуи, Сэнди нужно 4 недели * 2 фунта в неделю = 8 фунтов. Поскольку Сэнди сбрасывает вес со скоростью 8 фунтов за 4 недели, ей понадобится 4 недели * 2 = 8 недель, чтобы сбросить столько же веса, сколько Джоуи.|EOM|Teacher: (probing)Можешь ещё раз подумать, сколько Сэнди должна сбрасывать в неделю|EOM|Student: Конечно. Джоуи сбрасывает 8 фунтов за 4 недели, значит, он сбрасывает 8/4 = 2 фунта в неделю. Это означает, что Сэнди нужно сбрасывать 2 фунта в неделю, чтобы сбросить столько же веса, сколько Джоуи. Поскольку Сэнди сбрасывает вес со скоростью 2 фунта в неделю, ей понадобится 8 недель, чтобы сбросить столько же веса, сколько Джоуи.|EOM|Teacher: (probing)Подумай ещё раз о стратегии, которую ты используешь для решения этой задачи. |EOM|Student: Я использую стратегию скорости изменения для решения этой задачи. Я беру количество фунтов, которое Джоуи сбрасывает за 4 недели (8 фунтов), и делю на 4, чтобы получить скорость снижения веса в неделю (2 фунта). Затем я умножаю эту скорость снижения веса на количество недель, которое нужно Сэнди, чтобы сбросить столько же веса (8 недель), и получаю общее количество фунтов, которое Сэнди нужно сбросить (8 фунтов).|EOM|Teacher: (probing)Хорошо, нам нужно изменить наш подход к этому. Тебе нужно посмотреть на другую стратегию|EOM|Student: Понимаю. Вместо стратегии скорости изменения я могу использовать стратегию пропорции для решения этой задачи. Я могу составить пропорцию с количеством фунтов, которое Джоуи сбрасывает за 4 недели (8 фунтов), и количеством фунтов, которое Сэнди нужно сбросить за 8 недель (8 фунтов). Затем я могу найти скорость снижения веса в неделю, которая составляет 2 фунта.|EOM|Teacher: (probing)Отлично, а теперь, используя эту стратегию, можешь решить задачу заново целиком|EOM|Student: Конечно. Мы можем составить пропорцию с количеством фунтов, которое Джоуи сбрасывает за 4 недели (8 фунтов), и количеством фунтов, которое Сэнди нужно сбросить за 8 недель (8 фунтов). 8/4 = x/8, значит x = 2. Это означает, что Сэнди нужно сбрасывать 2 фунта в неделю, чтобы сбросить столько же веса, сколько Джоуи. Поскольку Сэнди сбрасывает вес со скоростью 2 фунта в неделю, ей понадобится 8 недель, чтобы сбросить столько же веса, сколько Джоуи.|EOM|Teacher: (telling)Не сов如此 так. Чтобы сравняться с Джоуи, Сэнди должна сбрасывать 2 фунта / 4 = 0.5 фунта в неделю.|EOM|Student: О, понимаю. Вместо стратегии скорости изменения я могу использовать стратегию пропорции для решения этой задачи. Я могу составить пропорцию с количеством фунтов, которое Джоуи сбрасывает за 4 недели (8 фунтов), и количеством фунтов, которое Сэнди нужно сбросить за 8 недель (8 фунтов). 8/4 = x/8, значит x = 2. Это означает, что Сэнди нужно сбрасывать 2 фунта в неделю, чтобы сбросить столько же веса, сколько Джоуи. Но поскольку Сэнди нужно сбросить столько же веса, сколько Джоуи, за 8 недель, ей нужно сбрасывать 2/4 = 0.5 фунта в неделю.|EOM|Teacher: (probing)Хорошо, так каково твоё новое решение?|EOM|Student: Сэнди нужно сбрасывать 0.5 фунта в неделю, чтобы сбросить столько же веса, сколько Джоуи, за 8 недель. Поскольку Сэнди сбрасывает вес со скоростью 0.5 фунта в неделю, ей понадобится 8 недель, чтобы сбросить столько же веса, сколько Джоуи.|EOM|Teacher: (telling)Джоуи сбрасывает 8 фунтов / 4 недели = 2 фунта в неделю.
Чтобы сравняться с Джоуи, Сэнди должна сбрасывать 2 фунта / 4 = 0.5 фунта в неделю.
Чтобы найти количество недель, разделим количество фунтов на скорость снижения веса: 8 фунтов / 0.5 фунта в неделю = 16 недель
16|EOM|Student: Да, это верно. Чтобы сравняться с Джоуи, Сэнди должна сбрасывать 0.5 фунта в неделю. Чтобы найти количество недель, разделим количество фунтов на скорость снижения веса: 8 фунтов / 0.5 фунта в неделю = 16 недель. Значит, Сэнди понадобится 16 недель, чтобы сбросить столько же веса, сколько Джоуи.|EOM|Teacher: (focus)Хорошо, теперь это тебе понятно|EOM|Student: Да, это понятно. Джоуи сбрасывает 8 фунтов за 4 недели, значит, он сбрасывает 2 фунта в неделю. Сэнди нужно сбросить столько же веса, сколько Джоуи, за 8 недель, значит, ей нужно сбрасывать 0.5 фунта в неделю. Чтобы найти количество недель, разделим количество фунтов на скорость снижения веса: 8 фунтов / 0.5 фунта в неделю = 16 недель. Значит, Сэнди понадобится 16 недель, чтобы сбросить столько же веса, сколько Джоуи.|EOM|Teacher: (generic)Хорошо, отлично, молодец|EOM|Student: Спасибо!"
D04,5000048,3,"В микроавтобус для поездки на экскурсию были назначены 18 учеников. Восемь из этих учеников были мальчиками. В день экскурсии количество девочек и мальчиков было одинаковым, так как некоторые девочки не смогли поехать на экскурсию. Сколько девочек не смогли поехать на экскурсию?","8 мальчиков + 8 девочек = 16 учеников поехали на экскурсию.
Таким образом, 18 - 16 = 2 девочки не смогли поехать на экскурсию.
 2","Всего было 18 - 8 = 10 девочек, которые должны были поехать на экскурсию.
Пусть x — количество девочек, которые поехали на экскурсию.
Тогда количество девочек, которые не поехали на экскурсию, равно 10 - x.
Поскольку количество мальчиков и девочек, поехавших на экскурсию, одинаково, то x + 8 = 18.
Таким образом, x = 10.
Следовательно, количество девочек, которые не поехали на экскурсию, равно 10 - 10 = 0.
 0",Heidi is a 7th grade student. She struggle to recognize the problem type and therefore do not know what strategy to use to solve it.,Formed an incorrect equation for the number of girls who didn't join the trip,No,4,4,"Teacher: (generic)Привет, не мог бы ты пошагово объяснить своё решение?
|EOM|Student: Конечно. Я начал с того, что вычел 8 из 18, получилось 10. Это общее количество девочек, которые должны были поехать на экскурсию. Затем я обозначил через x количество девочек, которые поехали на экскурсию. Значит, количество девочек, которые не поехали, равно 10 - x. Поскольку количество мальчиков и девочек, поехавших на экскурсию, одинаково, то x + 8 = 18. Таким образом, x = 10. Следовательно, количество девочек, которые не поехали на экскурсию, равно 10 - 10 = 0.
|EOM|Teacher: (focus)В уравнении есть ошибка. Если x девочек из 10 не поехали на экскурсию, а количество поехавших девочек такое же, как и мальчиков, каким должно быть уравнение?
|EOM|Student: Уравнение должно быть x + 8 = 10. Значит, x = 2. Следовательно, количество девочек, которые не поехали на экскурсию, равно 10 - 2 = 8.
|EOM|Teacher: (focus)Но ты обозначил x как количество девочек, которые не поехали на экскурсию. И ты посчитал, что x = 2.
|EOM|Student: Да, я обозначил x как количество девочек, которые не поехали на экскурсию. Но я понял, что допустил ошибку, и уравнение должно быть x + 8 = 10. Значит, x = 2, то есть 2 девочки не поехали на экскурсию. Следовательно, количество девочек, которые не поехали на экскурсию, равно 10 - 2 = 8.
|EOM|Teacher: (focus)Ты даёшь противоречивые утверждения. Прочитай ещё раз два последних предложения предыдущего сообщения.
|EOM|Student: Да, я обозначил x как количество девочек, которые не поехали на экскурсию. Но я понял, что допустил ошибку, и уравнение должно быть x + 8 = 10. Значит, x = 2, то есть 2 девочки поехали на экскурсию. Следовательно, количество девочек, которые не поехали на экскурсию, равно 10 - 2 = 8.
|EOM|Teacher: (telling)Если x девочек из 10 не поехали на экскурсию, это значит, что (10 - x) девочек поехали, и это число равно 8.
|EOM|Student: Да, вы правы. Если x девочек из 10 не поехали на экскурсию, это значит, что (10 - x) девочек поехали, и это число равно 8. Значит, x = 2, и количество девочек, которые не поехали на экскурсию, равно 10 - 2 = 8.
|EOM|Teacher: (focus)Ты упускаешь из виду, что x — это как раз количество девочек, которые не поехали, и оно равно 2. А не 8.
|EOM|Student: Да, вы правы. Теперь я понимаю, что x — это как раз количество девочек, которые не поехали, и оно равно 2. А не 8. Значит, количество девочек, которые не поехали на экскурсию, равно 10 - 2 = 8.
|EOM|Teacher: (focus)Если x девочек из 10 не поехали на экскурсию, это значит, что (10 - x) девочек поехали, и это число равно 8. Таким образом, уравнение имеет вид (10-x)=8, то есть x=2. Это значит, что 2 девочки не поехали на экскурсию.
|EOM|Student: Да, вы правы. Если x девочек из 10 не поехали на экскурсию, это значит, что (10 - x) девочек поехали, и это число равно 8. Таким образом, уравнение имеет вид (10-x)=8, то есть x=2. Это значит, что 2 девочки не поехали на экскурсию, и количество девочек, которые не поехали на экскурсию, равно 10 - 2 = 8.
|EOM|Teacher: (telling)Это 2 девочки, которые не поехали на экскурсию.
|EOM|Student: Да, это 2 девочки, которые не поехали на экскурсию, и количество девочек, которые не поехали на экскурсию, равно 10 - 2 = 8.
|EOM|Teacher: (telling)Это 2 девочки, которые не поехали на экскурсию.
|EOM|Student: Да, это 2 девочки, которые не поехали на экскурсию, и количество девочек, которые не поехали на экскурсию, равно 10 - 2 = 8."
D05,6000048,5,"Банка мороженого стоимостью $13 теперь продается за $11. Пакет молока продавался со скидкой $0.5. Сколько ты сэкономишь, если купишь 2 банки мороженого и 4 пакета молока?","Скидка на каждую банку мороженого составляет $13 - $11 = $2.
Итак, скидка на 2 банки мороженого составляет $2 x 2 = $4.
Общая скидка на 4 пакета молока составляет $0.5 x 4 = $2.
Ты сэкономишь $4 + $2 = $6 на 2 банки мороженого и 4 пакета молока.
 6","Скидка на один пакет молока составляет $0.5, поэтому общая скидка на 4 пакета молока составляет 4 x 0.5 = $2.
Первоначальная стоимость 2 банок мороженого составляет 2 x 13 = $26.
Новая стоимость 2 банок мороженого составляет 2 x 11 = $22.
Общая экономия на 2 банки мороженого и 4 пакета молока составляет 2 + 2 = $4.
 4",Cody is a 7th grade student. He has difficulty determining which pieces of information are relevant and which are irrelevant to solving the problem.,Forgot to add on a saving already calculated.,Yes,5,5,"Teacher: (generic)Привет, Коди, можешь объяснить свой ответ?|EOM|Student: Да, я посчитал, что общая скидка на 4 пакета молока составляет 4 x 0.5 = $2. Первоначальная стоимость 2 банок мороженого составляет 2 x 13 = $26. Новая стоимость 2 банок мороженого составляет 2 x 11 = $22. Поэтому общая экономия на 2 банки мороженого и 4 пакета молока составляет $26 - $22 - $2 = $4.|EOM|Teacher: (focus)Ты забыл добавить скидку на мороженое, которую ты уже посчитал.|EOM|Student: О, точно. Общая экономия на 2 банки мороженого и 4 пакета молока составляет $26 - $22 - $2 + $2 = $6.|EOM|Teacher: (generic)Отлично!"
D06,6000058,2,"3 покупателя выгнали из Walmart за отказ носить маски. Количество, равное четырём умножить на столько же минус 5, выгнали за кражи. Втрое больше числа воров выгнали за физическое насилие из-за товаров на распродаже. Если всего из Walmart выгнали 50 человек, сколько выгнали по другим причинам?","Сначала умножь на 4 количество покупателей, выгнанных за отказ носить маски: 4 * 3 покупателя = 12 покупателей
Затем вычти 5 из этого числа: 12 покупателей - 5 покупателей = 7 покупателей
Затем умножь это число на 3, чтобы найти количество людей, выгнанных за насилие: 7 покупателей * 3 = 21 покупатель
Затем вычти количество покупателей, выгнанных по каждой известной причине, чтобы найти количество выгнанных по другим причинам: 50 покупателей - 3 покупателя - 21 покупатель - 7 покупателей = 19 покупателей
 19","Сначала найдём количество воров: 3 покупателя + (3 x 4 - 5) воров = 10 воров
Теперь найдём количество покупателей, выгнанных за насилие: 10 воров x 3 = 30 покупателей
Общее количество выгнанных покупателей: 3 + 10 + 30 = 43 покупателя
Чтобы найти количество выгнанных по другим причинам, вычтем полученное число из общего: 50 - 43 = 7 покупателей
 7",DeAndre is a 7th grade student. He has problem with understanding of underlying ideas and principles and a recognition of when to apply them.,They got a simple calculation at the start incorrect which then meant their other calculations were incorrect too,"Yes, but I had to reveal the answer",3,3,"Teacher: (generic)Привет, ДеАндре, можешь рассказать, как ты решал?|EOM|Student: Конечно! Сначала я нашёл количество воров, сложив 3 покупателя и (3 x 4 - 5) воров, и получил 10 воров. Потом я умножил 10 воров на 3, чтобы найти количество покупателей, выгнанных за насилие, и получилось 30. Наконец, я сложил 3 покупателя, 10 воров и 30 покупателей, выгнанных за насилие, и получил общее количество выгнанных покупателей — 43. Чтобы найти количество покупателей, выгнанных по другим причинам, я вычел 43 из общего числа 50 и получил 7 покупателей.|EOM|Teacher: (focus)Просто посмотри ещё раз на своё решение с количеством воров|EOM|Student: О, точно. Я сложил 3 покупателя и (3 x 4 - 5) воров, и получил 10 воров.|EOM|Teacher: (telling)Сначала умножь на 4 количество покупателей, выгнанных за отказ носить маски: 4 * 3 покупателя = 12 покупателей
Затем вычти 5 из этого числа: 12 покупателей - 5 покупателей = 7 покупателей|EOM|Student: А, понял! Значит, количество воров — 7 покупателей. Спасибо за помощь!|EOM|Teacher: (focus)Итак, сколько выгнали за насилие?|EOM|Student: Так, значит, количество покупателей, выгнанных за насилие, — 10 воров x 3 = 30 покупателей.|EOM|Teacher: (telling)Умножь это число на 3, чтобы найти количество людей, выгнанных за насилие: 7 покупателей * 3 = 21 покупатель|EOM|Student: Понял! Значит, общее количество выгнанных покупателей — 3 + 10 + 21 = 34 покупателя. Чтобы найти количество выгнанных по другим причинам, я вычитаю полученное число из общего: 50 - 34 = 16 покупателей.|EOM|Teacher: (telling)Вычти количество покупателей, выгнанных по каждой известной причине, чтобы найти количество выгнанных по другим причинам: 50 покупателей - 3 покупателя - 21 покупатель - 7 покупателей = 19 покупателей|EOM|Student: А, понял! Значит, количество покупателей, выгнанных по другим причинам, — 19 покупателей. Спасибо за помощь!"
D07,5000603,3,"Питер знает, что расстояние, которое самолёт пролетает между Испанией и Россией, составляет 7019 км, а расстояние между Испанией и Германией — 1615 км. Питер вылетел из Испании рейсом, который совершил пересадку в Германии; находясь там, он получил звонок от брата, который спросил его, сколько километров ему нужно пролететь, чтобы добраться до России, а затем вернуться в Испанию. Что ответит Питер?","Расстояние от Испании до России составляет 7019 км. Чтобы добраться из Германии в Россию, Питеру нужно пролететь 7019 - 1615 = 5404 км
Зная оба расстояния, Питер ответит, что ему нужно пролететь 5404 + 7019 = 12423 км
 12423","Питеру нужно лететь из Испании в Германию, это 1615 км, а затем из Германии в Россию, это 7019 км, всего 1615 + 7019 = 8634 км.
Чтобы вернуться в Испанию, ему нужно пролететь ещё 7019 км, общее расстояние составит 8634 + 7019 = 15653 км.
Таким образом, Питеру нужно пролететь всего 15653 км, чтобы добраться до России и вернуться в Испанию.
 15653",Stephanie is a 7th grade student. She struggle to put the numbers in the correct order in the equation or determine the correct operation to use.,The student initially had a conceptual issue but then once they had worked out the correct sum they repeatedly made the same numerical error despite my telling them it was wrong. They did not respond to feudal.,No,1,1,"Teacher: (focus)Привет, Стефани, твой ответ не совсем верный. Давай начнём сначала с первого шага. Брат Питера хочет знать, сколько километров Питеру нужно пролететь, чтобы добраться из того места, где он сейчас (Германия), в Россию, а затем вернуться в Испанию. Итак, сначала: сколько километров от Германии до России?|EOM|Student: От Германии до России — 7019 км.|EOM|Teacher: (focus)Нет, тебе дано, что от Испании до России 7019 км. Ты также знаешь, что от Испании до Германии 1615 км. Так как же найти расстояние между Германией и Россией?|EOM|Student: Расстояние между Германией и Россией составляет 7019 км - 1615 км = 5404 км.|EOM|Teacher: (probing)Верно. Значит, чтобы добраться из Германии в Россию, ему нужно пролететь 5404 км. Сколько километров тебе нужно прибавить, чтобы вернуться из России в Испанию?|EOM|Student: Чтобы вернуться из России в Испанию, мне нужно прибавить 7019 км.|EOM|Teacher: (focus)Правильно. Так каково же общее расстояние, которое пролетит Питер?|EOM|Student: Общее расстояние, которое пролетит Питер, составляет 5404 км + 7019 км = 12523 км.|EOM|Teacher: (focus)У тебя правильное действие, но ты неправильно сложила числа. Можешь попробовать ещё раз?|EOM|Student: Общее расстояние, которое пролетит Питер, составляет 1615 км + 7019 км = 8634 км.|EOM|Teacher: (probing)Нет, минуту назад у тебя было правильное действие: 5404+7019. Можешь попробовать решить его ещё раз?|EOM|Student: Общее расстояние, которое пролетит Питер, составляет 5404 км + 7019 км = 12523 км.|EOM|Teacher: (focus)Ты всё ещё ошибаешься. Попробуй сложить столбиком.|EOM|Student: Общее расстояние, которое пролетит Питер, составляет 1615 км + 7019 км = 8634 км.|EOM|Teacher: (probing)Нет, тебе нужно сложить 5404+7019. Но ответ — НЕ 12523, хотя ты близка. Можешь попробовать ещё раз?|EOM|Student: Общее расстояние, которое пролетит Питер, составляет 5404 км + 7019 км = 12523 км."
D08,5000505,1,"В конкурсе по орфографии, проведённом в её школе, Дрю правильно ответила на 20 вопросов, выиграв соревнование. Она ошиблась в шести вопросах, а её соперница Карла правильно ответила на 14 вопросов и ошиблась вдвое больше раз, чем Дрю. Если каждому участнику задавали разные вопросы, сколько всего вопросов было задано на соревновании?","Поскольку Дрю правильно ответила на 20 вопросов и ошиблась в 6, ей задали 20+6 = 26 вопросов.
Карла ошиблась в двух раза больше раз, чем Дрю, всего в 2*6 = 12 вопросах.
Общее количество вопросов, заданных Карле, составляет 12+14 = 26.
Всего на конкурсе было задано 26+26 = 52 вопроса.
 52","Дрю получила всего 20 правильных и неправильных ответов.
Карла допустила в два раза больше ошибок, чем Дрю, поэтому Карла допустила 6 x 2 = 12 ошибок.
Карла получила всего 14 правильных и неправильных ответов.
Вместе Дрю и Карла получили 20 + 6 + 14 + 12 = 52 ответа.
Поскольку каждому участнику задавали разные вопросы, общее количество вопросов, заданных на соревновании, составило 52/2 = 26.
 26",Winnie is a 7th grade student. She struggle to put the numbers in the correct order in the equation or determine the correct operation to use.,The student thought they needed to divide by two to get the number of questions asked because there were two people.,Yes,4,3,"Teacher: (generic)Привет, Винни, можешь рассказать, как ты пришла к своему ответу?|EOM|Student: Конечно, я начала с того, что сложила общее количество правильных и неправильных ответов, которые получили Дрю и Карла. Дрю правильно ответила на 20 и ошиблась в 6, так что всего получилось 26 ответов. Карла правильно ответила на 14 и ошиблась в два раза больше, так что всего получилось 14 + (6 x 2) = 26 ответов. Вместе это 52 ответа. Поскольку каждому участнику задавали разные вопросы, общее количество вопросов, заданных на соревновании, составило 52/2 = 26.|EOM|Teacher: (focus)Можешь объяснить, почему ты разделила 52 на 2, если каждый вопрос был разным?|EOM|Student: Конечно. Поскольку каждому участнику задавали разные вопросы, это означает, что каждый ответ был дан на разный вопрос. Значит, если всего было 52 ответа, то каждому участнику задали 52/2 = 26 вопросов.|EOM|Teacher: (probing)Давай посмотрим. Если бы у меня было 52 яблока, половина зелёных и половина красных, сколько бы у меня было яблок?|EOM|Student: У тебя было бы 52 яблока: 26 зелёных и 26 красных.|EOM|Teacher: (focus)Итак, если всего было 52 ответа, сколько было задано вопросов?|EOM|Student: Поскольку каждый ответ был на разный вопрос, это означает, что всего было задано 52/2 = 26 вопросов на соревновании.|EOM|Teacher: (focus)Если было задано 52 разных вопроса, сколько было ответов?|EOM|Student: Поскольку каждый вопрос задавался разному участнику, всего было бы 52 ответа — 26 от Дрю и 26 от Карлы.|EOM|Teacher: (telling)Значит, ответ: было задано 52 вопроса.|EOM|Student: Да, правильно. На соревновании было задано 52 вопроса, причём каждому участнику задавали разные вопросы."
D09,6000052,3,"У Ральфа есть магазин пластинок, где люди могут обменивать свои старые пластинки на новые. Люди могут обменять 2 старые пластинки на 1 новую. 5 человек приходят со старыми пластинками и уходят с 7 новыми пластинками в общей сложности. Сколько старых пластинок принесли эти 5 человек?","Люди могут принести 2 старые пластинки = получить 1 новую.
5 человек приходят со старыми пластинками и уходят с 7 новыми пластинками, 7 new records x 2 old records traded for each = 14 старых пластинок, которые принесли эти 5 человек.
 14","Каждая новая пластинка стоит 2 старые пластинки.
Поэтому 7 новых пластинок стоят 7 x 2 = 14 старых пластинок.
5 человек принесли в общей сложности 14 старых пластинок, поэтому в среднем каждый человек принес 14/5 = 2.8 старых пластинок.
Поскольку каждый человек может обменять только целые пластинки, каждый человек принес 2 старые пластинки.
Поэтому 5 человек принесли в общей сложности 2 x 5 = 10 старых пластинок.
 10",Alejandra is a 7th grade student. She has problem with understanding of underlying ideas and principles and a recognition of when to apply them.,reached the correct solution but moved further,Yes,4,2,"Teacher: (generic)Привет, можешь объяснить, как ты решал задачу?
|EOM|Student: Конечно! Я начал с того, что понял: каждая новая пластинка стоит две старые. Значит, 7 новых пластинок стоят 7 x 2 = 14 старых пластинок. Потом я понял, что 5 человек принесли в общей сложности 14 старых пластинок, значит, в среднем каждый человек принес 14/5 = 2.8 старых пластинок. Поскольку каждый человек может обменять только целые пластинки, каждый человек принес 2 старые пластинки. Поэтому 5 человек принесли в общей сложности 2 x 5 = 10 старых пластинок.
|EOM|Teacher: (focus)Здесь ошибка. Тебе не следует усреднять количество пластинок на человека.
|EOM|Student: О, точно. Я должен был просто умножить количество людей (5) на количество пластинок, которые каждый может обменять (2). Значит, 5 человек принесли в общей сложности 5 x 2 = 10 старых пластинок.
|EOM|Teacher: (probing)Нет. Давай попробуем по-другому. Джек приходит в пункт переработки, где выдают одно растение за 3 кг пластика. Если Джек приносит 5 растений, сколько пластика он сдал?
|EOM|Student: Чтобы решить эту задачу, мне нужно использовать обратную операцию умножения. Поскольку Джек принес 5 растений, и каждое растение стоит 3 кг пластика, значит, Джек сдал 5 x 3 = 15 кг пластика.
|EOM|Teacher: (probing)Именно так. Тебе нужно сделать то же самое с данной задачей. Видишь ли ты сходство между задачами?
|EOM|Student: Да, вижу. В первой задаче мне нужно умножить количество людей (5) на количество пластинок, которые каждый может обменять (2), чтобы получить общее количество принесенных старых пластинок. Во второй задаче мне нужно умножить количество растений (5) на количество кг пластика, на которое стоит каждое растение (3), чтобы получить общее количество сданного пластика в кг.
|EOM|Teacher: (focus)Теперь можешь посчитать количество старых пластинок, которые сдали, если раздали 7 новых пластинок?
|EOM|Student: Да! Поскольку каждая новая пластинка стоит 2 старые, 7 новых пластинок стоят 7 x 2 = 14 старых пластинок. Поэтому 5 человек принесли в общей сложности 14 старых пластинок."
D10,5000342,4,"Ксавье пробегает в три раза больше миль, чем Кэти, которая пробегает в 4 раза больше миль, чем Коул. Если Ксавье пробегает 84 мили, сколько миль пробегает Коул?","Кэти пробегает одну треть расстояния Ксавье, то есть 84/3 мили = 28 миль.
Коул пробегает четверть расстояния Кэти, что составляет 28/4 = 7 миль.
 7","Давай начнём с того, чтобы узнать, сколько миль пробегает Кэти:
Katie = 1/4 * Cole
Ксавье пробегает в три раза больше миль, чем Кэти:
Xavier = 3 * Katie
Мы знаем, что Ксавье пробегает 84 мили, поэтому:
84 = 3 * Katie
Katie = 84/3 = 28
Теперь мы можем использовать уравнение, которое нашли ранее, чтобы узнать, сколько миль пробегает Коул:
Katie = 1/4 * Cole
28 = 1/4 * Cole
Cole = 28 * 4 = 112
 112",Lakisha is a 7th grade student. She has problem with understanding of underlying ideas and principles and a recognition of when to apply them.,"initially it was a conceptual error where the student calculated 4 times as 1/4th times. but after that confusion was cleared, the student kept repeating an arithmetic error.","Yes, but I had to reveal the answer",5,1,"Teacher: (generic)Привет, не могла бы ты объяснить своё решение?|EOM|Teacher: (generic)Привет, не могла бы ты объяснить своё решение?|EOM|Teacher: (generic)Лакиша, не могла бы ты объяснить своё решение?|EOM|Teacher: (generic)Привет, не могла бы ты объяснить своё решение?|EOM|Student: Конечно! Я начала с того, чтобы выяснить, сколько миль пробегает Кэти. Я знала, что Ксавье пробегает в три раза больше миль, чем Кэти, поэтому составила уравнение, чтобы выяснить, сколько миль пробегает Кэти. Я использовала уравнение, что Ксавье пробегает 84 мили, поэтому смогла выяснить, что Кэти пробегает 28 миль. Затем я использовала уравнение, что Кэти пробегает 1/4 от миль, которые пробегает Коул, чтобы выяснить, что Коул пробегает 112 миль. Это имеет смысл?|EOM|Teacher: (focus)да, это имеет смысл, за исключением того, что Кэти пробегает в 4 раза больше, чем Коул, а не 1/4.|EOM|Student: О, точно! Я перепутала. Итак, Кэти пробегает в 4 раза больше миль, чем Коул, поэтому я использовала уравнение, что Кэти пробегает в 4 раза больше миль, чем Коул, чтобы выяснить, что Коул пробегает 28 миль. Затем я использовала уравнение, что Ксавье пробегает в три раза больше миль, чем Кэти, чтобы выяснить, что Ксавье пробегает 84 мили. Это имеет смысл?|EOM|Teacher: (focus)ты сбилась с пути. тебе нужно найти количество миль, которое пробегает Коул. так каким будет уравнение для расстояния Коула?|EOM|Student: Конечно! Уравнение для расстояния Коула: Cole = 4 * Katie. Мы знаем, что Кэти пробегает 28 миль, поэтому Коул пробегает 4 * 28 = 112 миль. Это имеет смысл?|EOM|Teacher: (probing)не совсем правильно. если тебе 10 лет, а мне в четыре раза больше, чем тебе, то как ты вычислишь мой возраст?|EOM|Student: Если мне 10 лет, а тебе в четыре раза больше, чем мне, то тебе 40 лет. Я могу вычислить твой возраст, умножив 10 на 4, что даёт 40. Это имеет смысл?|EOM|Teacher: (focus)очень хорошо. так что если Кэти пробегает в 4 раза больше, чем Коул, то уравнение для расстояния, которое пробегает Кэти, будет...|EOM|Student: Да, уравнение для расстояния, которое пробегает Кэти, будет Katie = 4 * Cole. Мы знаем, что Коул пробегает 28 миль, поэтому Кэти пробегает 4 * 28 = 112 миль. Это имеет смысл?|EOM|Teacher: (focus)нет. проверь своё первоначальное решение и скажи мне, чьё расстояние обозначает 28?|EOM|Student: О, точно. 28 обозначает расстояние, которое пробегает Кэти. Мы знаем, что Ксавье пробегает в три раза больше миль, чем Кэти, поэтому я составила уравнение, чтобы выяснить, сколько миль пробегает Кэти. Я использовала уравнение, что Ксавье пробегает 84 мили, поэтому смогла выяснить, что Кэти пробегает 28 миль. Затем я использовала уравнение, что Кэти пробегает в 4 раза больше миль, чем Коул, чтобы выяснить, что Коул пробегает 28 миль. Это имеет смысл?|EOM|Teacher: (telling)если Кэти пробегает в 4 раза больше, чем Коул. следовательно, Коул пробегает 28/4=7 миль.|EOM|Student: Да, это правильно! Кэти пробегает в 4 раза больше миль, чем Коул, поэтому я использовала уравнение, что Кэти пробегает в 4 раза больше миль, чем Коул, чтобы выяснить, что Коул пробегает 28/4 = 7 миль. Затем я использовала уравнение, что Ксавье пробегает в три раза больше миль, чем Кэти, чтобы выяснить, что Ксавье пробегает 84 мили. Это имеет смысл?"
D11,6000061,5,"Лиза является участницей хора, в котором 52 человека, 50% из которых мальчики и 50% девочки. Хор решает выступать только своими девочками. В день выступления, однако, половина тех, кто должен был выступать, не может приехать на шоу, потому что их автобус ломается. Тогда 3 учителя хора решают спеть вместе с ними. Сколько человек пели на выступлении?","В хоре из 50 человек 50% женщин, поэтому если на выступлении только женщины, там будет 52/2=26 выступающих.
Если половина из них не может попасть на выступление, то там будет 26/2= 13 выступающих.
Когда 3 учителя решают участвовать, на выступлении теперь 13+3=16 поющих людей.
 16","Поскольку 50% хора составляют девочки и 50% мальчики, то в хоре также 52/2 = 26 девочек.
Значит, в хоре также 26 мальчиков.
Половина хора не может попасть на шоу, поэтому выступить могут только 52/2 = 26 человек.
Поскольку учителя решили спеть вместе с ними, то на выступлении пели 26 + 3 = 29 человек.
 29",Jian is a 7th grade student. He has difficulty determining which pieces of information are relevant and which are irrelevant to solving the problem.,misreading,Yes,5,4,"Teacher: (generic)Привет, Цзянь, объясни свой ответ|EOM|Student: Я сказал, что поскольку 50% хора составляют девочки и 50% мальчики, то в хоре также 52/2 = 26 девочек. Значит, в хоре также 26 мальчиков. Половина хора не может попасть на шоу, поэтому выступить могут только 52/2 = 26 человек. Поскольку учителя решили спеть вместе с ними, то на выступлении пели 26 + 3 = 29 человек.|EOM|Teacher: (focus)Хорошо, напоминаю: вопрос не про мальчиков. Там говорится, что половина девочек не смогла прийти|EOM|Student: О, точно. Значит, только половина из 26 девочек может выступать, то есть 13. Значит, всего на выступлении пело 13 + 3 = 16 человек.|EOM|Teacher: (generic)Да - молодец"
D12,5000438,1,"Лягушка откладывает 800 яиц в год. 10 процентов высыхают, и 70 процентов съедаются. 1/4 оставшихся яиц вылупляются, сколько лягушат вылупится из 800?","Высохло:800(.10)=80 яиц
800(.70)=560 яиц
Всего осталось:800-80-560=160 яиц
160/4=40 яиц выживают до вылупления
 40","10 процентов от 800 — это 800 x 0.1 = 80 яиц, которые высыхают.
70 процентов от 800 — это 800 x 0.7 = 560 яиц, которые съедаются.
Общее количество яиц, которые не вылупляются, составляет 80 + 560 = 640.
Итак, общее количество яиц, которые вылупляются, составляет 800 - 640 = 160.
1/4 оставшихся яиц вылупляется, поэтому 1/4 x 640 = 160 лягушат вылупляется из 800 яиц.
 160",Alejandra is a 7th grade student. She has problem with understanding of underlying ideas and principles and a recognition of when to apply them.,They had found 1/4 of the wrong number.,"Yes, but I had to reveal the answer",3,3,"Teacher: (generic)Привет, можешь объяснить мне свои вычисления?|EOM|Student: Да, конечно. Я начал(а) с вычисления количества яиц, которые высыхают, — это 800 x 0.1 = 80. Затем я вычислил(а) количество яиц, которые съедаются, — это 800 x 0.7 = 560. Итак, общее количество яиц, которые не вылупляются, составляет 80 + 560 = 640. Затем я вычислил(а) общее количество яиц, которые вылупляются, — это 800 - 640 = 160. Наконец, я вычислил(а), что 1/4 оставшихся яиц вылупляется, то есть 1/4 x 640 = 160 лягушат вылупляется из 800 яиц.|EOM|Teacher: (focus)Подумай ещё раз, сколько составляет 1/4 от оставшихся яиц|EOM|Student: Теперь я понял(а). 1/4 от оставшихся яиц равна 640/4 = 160. Итак, 160 лягушат вылупляется из 800 яиц.|EOM|Teacher: (telling)Всего осталось:800-80-560=160 яиц
160/4=40 яиц выживает до вылупления|EOM|Student: Да, это правильно. Итак, 160 яиц из 800 яиц в итоге вылупляются, и 1/4 этих яиц, что составляет 40, выживает до вылупления."
D13,6000001,4,"Каждый день Венди кормит каждую из своих кур тремя чашками смешанного корма для кур, содержащего семена, мучных червей и овощи, чтобы поддерживать их здоровье. Она даёт курам корм в три отдельных приёма пищи. Утром она даёт своей стае кур 15 чашек корма. Днём она даёт своим курам ещё 25 чашек корма. Сколько чашек корма ей нужно дать своим курам во время последнего приёма пищи в этот день, если размер стаи Венди составляет 20 кур?","Если каждая кура съедает 3 чашки корма в день, то для 20 кур им понадобится 3*20=60 чашек корма в день.
Если она кормит стаю 15 чашками корма утром и 25 чашками днём, то на последний приём пищи потребуется 60-15-25=20 чашек корма для кур.
 20","Венди даёт каждой куре 3 чашки корма за приём пищи, поэтому для 20 кур ей нужно дать 3 x 20 = 60 чашек корма за приём.
Всего за день ей нужно дать 60 x 3 = 180 чашек корма.
Она уже дала 15 + 25 = 40 чашек корма утром и днём.
Поэтому на последний приём пищи ей нужно дать 180 - 40 = 140 чашек корма.
 140",Luca is a 7th grade student. He struggle to recognize the problem type and therefore do not know what strategy to use to solve it.,Calculate the amount per day as per meal,Yes,4,3,"Teacher: (generic)Привет, можешь объяснить своё решение?|EOM|Student: Конечно. Я посчитал, что Венди нужно дать каждой из своих 20 кур 3 чашки корма за приём пищи, поэтому всего ей нужно дать 3 x 20 = 60 чашек корма за приём. Затем я сложил количество корма, который она уже дала утром и днём, это было 15 + 25 = 40 чашек корма. Значит, на последний приём пищи ей нужно дать 180 - 40 = 140 чашек корма.|EOM|Teacher: (focus)Прочитай условие ещё раз. Что там говорится про три чашки корма?|EOM|Student: В условии сказано, что Венди кормит каждую из своих кур тремя чашками смешанного корма для кур, содержащего семена, мучных червей и овощи, чтобы поддерживать их здоровье. Значит, ей нужно давать каждой куре по три чашки корма за каждый приём пищи.|EOM|Teacher: (telling)Там сказано 3 чашки в день.|EOM|Student: О, понял. Значит, за каждый приём пищи Венди нужно давать каждой из своих кур 3 чашки корма, поэтому для 20 кур ей нужно дать 3 x 20 = 60 чашек корма за приём. Всего за день ей нужно дать 60 x 3 = 180 чашек корма. Она уже дала 15 + 25 = 40 чашек корма утром и днём, значит, на последний приём пищи ей нужно дать 180 - 40 = 140 чашек корма.|EOM|Teacher: (telling)Она даёт курам 3 * 20 = 60 чашек В ДЕНЬ, а не за приём.|EOM|Student: О, понял. Значит, за день Венди нужно дать каждой из своих 20 кур 3 чашки корма, поэтому всего ей нужно дать 3 x 20 = 60 чашек корма. Она уже дала 15 + 25 = 40 чашек корма утром и днём, значит, на последний приём пищи ей нужно дать 60 - 40 = 20 чашек корма.|EOM|Teacher: (generic)хорошо."
D14,5001062,4,В окне 4 стеклянные панели. В доме внизу 6 двойных окон и вверху 8 одиночных окон. Сколько всего стеклянных панелей в доме?,"Внизу 6 x 2 = 12 окон
Всего в доме 12 + 8 = 20 окон
Всего в доме 20 x 4 = 80 стеклянных панелей
 80","Внизу 6 x 2 = 12 двойных окон.
Вверху 8 x 1 = 8 одиночных окон.
Количество стеклянных панелей в двойных окнах внизу: 12 x 4 x 2 = 96.
Количество стеклянных панелей в одиночных окнах вверху: 8 x 4 x 1 = 32.
Поэтому в доме всего 96 + 32 = 128 стеклянных панелей.
 128",Scott is a 7th grade student. He has problem with understanding of underlying ideas and principles and a recognition of when to apply them.,The student kept considering double and single windows forgetting they already calculated the total number of windows.,No,4,4,"Teacher: (probing)Я согласен, что внизу 12 окон и вверху 8. Так сколько всего в доме? |EOM|Student: 12 x 4 x 2 = 96 внизу и 8 x 4 x 1 = 32 вверху. Получается 96 + 32 = 128 стеклянных панелей во всём доме.|EOM|Teacher: (focus)12 внизу + 8 вверху. |EOM|Student: 12 x 4 x 2 = 96 стеклянных панелей в двойных окнах внизу, и 8 x 4 x 1 = 32 стеклянные панели в одиночных окнах вверху. Получается всего 96 + 32 = 128 стеклянных панелей во всём доме.|EOM|Teacher: (focus)Мы пока не говорим о панелях, только о количестве окон. Итак, 12 внизу и 8 вверху. Сколько всего окон? |EOM|Student: 12 двойных окон внизу и 8 одиночных окон вверху, всего получается 12 + 8 = 20 окон во всём доме.|EOM|Teacher: (telling)Да, всего 20 окон.|EOM|Teacher: (probing)Так что если в каждом окне по 4 стеклянные панели, сколько всего стеклянных панелей? |EOM|Student: В 12 двойных окнах внизу 12 x 4 x 2 = 96 стеклянных панелей, а в 8 одиночных окнах вверху 8 x 4 x 1 = 32 стеклянные панели. Получается всего 96 + 32 = 128 стеклянных панелей во всём доме.|EOM|Teacher: (probing)Ты забываешь, что сказал мне, что всего в доме 20 окон. |EOM|Student: Верно, всего в доме 20 окон. Каждое двойное окно имеет 4 стеклянные панели, и каждое одиночное окно имеет 4 стеклянные панели. Значит, в 12 двойных окнах x 4 стеклянные панели x 2 = 96 стеклянных панелей внизу, и в 8 одиночных окнах x 4 стеклянные панели x 1 = 32 стеклянных панели вверху. Получается всего 96 + 32 = 128 стеклянных панелей во всём доме.|EOM|Teacher: (generic)Откуда ты взял информацию о двойных окнах? Я не вижу этого в условии задачи. |EOM|Student: В условии сказано, что внизу 6 двойных окон и вверху 8 одиночных окон. Это значит, что в доме 12 двойных окон и 8 одиночных окон. Каждое двойное окно имеет 4 стеклянные панели, и каждое одиночное окно имеет 4 стеклянные панели. Значит, 12 двойных окон x 4 стеклянные панели x 2 = 96 стеклянных панелей внизу, и 8 одиночных окон x 4 стеклянные панели x 1 = 32 стеклянных панели вверху. Получается всего 96 + 32 = 128 стеклянных панелей во всём доме.|EOM|Teacher: (telling)6 двойных окон значит, что внизу 12 окон. и 8 одиночных окон. Итого 20 окон. |EOM|Student: Верно, внизу 6 двойных окон и вверху 8 одиночных окон, всего получается 12 двойных окон и 8 одиночных окон, или 20 окон во всём доме. Каждое двойное окно имеет 4 стеклянные панели, и каждое одиночное окно имеет 4 стеклянные панели. Значит, 12 двойных окон x 4 стеклянные панели x 2 = 96 стеклянных панелей внизу, и 8 одиночных окон x 4 стеклянные панели x 1 = 32 стеклянных панели вверху. Получается всего 96 + 32 = 128 стеклянных панелей во всём доме.|EOM|Teacher: (focus)20 окон x 4 стеклянные панели в каждом |EOM|Student: Верно, в доме 20 окон, в каждом по 4 стеклянные панели. Значит, 12 двойных окон x 4 стеклянные панели x 2 = 96 стеклянных панелей внизу, и 8 одиночных окон x 4 стеклянные панели x 1 = 32 стеклянных панели вверху. Получается всего 96 + 32 = 128 стеклянных панелей во всём доме."
D15,5000616,4,"Количество голов, забитых в матче против Барсы ровно двумя игроками в прошлом сезоне, составляет 20% от всех голов, забитых в лиге. Если игроки забили равное количество голов, а общее количество голов, забитых в лиге против Барсы в тот сезон, равно 300, вычислите, сколько голов забил каждый из двух игроков.","Если общее количество голов, забитых в лиге в тот сезон против Барсы, равно 300, то два игрока забили 20/100*300=60 голов.
Если игроки забили равное количество голов, каждый забил 60/2=30 голов.
30","Если количество голов, забитых двумя игроками против Барсы в прошлом сезоне, составляет 20% от всех голов, забитых в лиге, то общее количество голов, забитых в лиге, равно 100/20% x 300 = 1500 голов.
Поскольку игроки забили равное количество голов, общее количество голов, забитых двумя игроками, составляет 20% от 1500 = 300 голов.
Каждый игрок забил 300/2 = 150 голов.
150",Claire is a 7th grade student. She struggle to recognize the problem type and therefore do not know what strategy to use to solve it.,"they had incorrectly calculated the % (and had also done something else wrong, but they fied the second bit without prompting)",Yes,5,5,"Teacher: (generic)Привет, Клэр, можешь объяснить своё решение?|EOM|Student: Конечно. Я начала с того, что выяснила, что общее количество голов, забитых в лиге, равно 1500, так как 20% от 300 — это 1500. Затем, поскольку два игрока забили равное количество голов, я разделила общее количество голов (1500) на два, чтобы получить количество голов, забитых каждым игроком, и получилось 150.|EOM|Teacher: (probing)Хорошо. Давай остановимся и подумаем об этом немного. Если бы общее количество голов было 100 — сколько составило бы 20% от этого?|EOM|Student: 20% от 100 составило бы 20.|EOM|Teacher: (focus)Можешь посмотреть на своё вычисление 20% от 300 и понять, где ты ошиблась?|EOM|Student: О, понимаю. Я делила 300 на 20% вместо того, чтобы умножить. Значит, правильный ответ должен быть 100 x 20% = 300 голов. Каждый игрок забил бы 300/2 = 150 голов."
D16,6000009,5,"Глория выбирает обувь, когда находит пару сапог, которые подходят под её бюджет. Однако ей приходится выбирать между сапогами и двумя парами туфель на высоком каблуке, которые вместе стоят на пять долларов дешевле, чем сапоги. Если одна пара туфель стоит $33, а другая стоит в два раза больше, сколько стоят сапоги?","Вторая пара туфель стоит 33 * 2 = $66.
Обе пары туфель вместе стоят 66 + 33 = $99.
Сапоги стоят на $5 дороже, чем обе пары туфель вместе, поэтому сапоги стоят 99 + 5 = $104.
 104","Давай начнём с поиска общей стоимости двух пар туфель на высоком каблуке. Мы знаем, что одна пара стоит $33, а другая пара стоит в два раза больше, то есть она стоит 2 x $33 = $66.
Таким образом, общая стоимость двух пар туфель на высоком каблуке составляет $33 + $66 = $99.
Мы также знаем, что стоимость сапог и стоимость двух пар туфель вместе на $5 больше, чем стоимость только сапог. Это означает, что стоимость сапог составляет $99 - $5 = $94.
 94",Ayisha is a 7th grade student. She has difficulty determining which pieces of information are relevant and which are irrelevant to solving the problem.,Student subtracted the difference in cost rather than adding (boots were *more* expensive),Yes,4,4,"Teacher: (generic)Привет, Аиша, хорошая работа! Для начала скажи мне, какая обувь есть в этой задаче и сколько она стоит?|EOM|Student: Конечно, сапоги стоят $94, одна пара туфель стоит $33, а другая пара стоит в два раза больше, то есть $66.|EOM|Teacher: (focus)Отлично! Какова общая стоимость туфель?|EOM|Student: Общая стоимость двух пар туфель на высоком каблуке составляет $33 + $66 = $99.|EOM|Teacher: (focus)Отлично! И если бы я сказала тебе про другую пару обуви, которая такая классная, что стоит на $5 дороже, чем две пары туфель вместе, сколько бы она стоила?|EOM|Student: Стоимость сапог и стоимость двух пар туфель вместе на $5 больше, чем стоимость только сапог. Это означает, что сапоги стоят $99 + $5 = $104.|EOM|Teacher: (focus)Отлично! Давай сформулируем это немного иначе — представь, что туфли — такая хорошая сделка, что вместе они стоят на $5 дешевле, чем другая пара обуви. Сколько бы стоила эта другая пара обуви?|EOM|Student: Сапоги стоят $99 - $5 = $94.|EOM|Teacher: (focus)Почти! Помни, что общая стоимость туфель (99) на $5 меньше, чем стоимость другой обуви.|EOM|Student: О, поняла! Сапоги стоят $99 + $5 = $104.|EOM|Teacher: (generic)Ты поняла! "
D17,5000817,1,"Генри нужно разобрать свою коллекцию книг из 99 книг. С книжной полки он смог собрать 3 коробки по 15 книг в каждую, чтобы отвезти в центр пожертвований. У него было 21 книга в комнате, которую он мог пожертвовать, 4 на журнальном столике и 18 кулинарных книг, спрятанных на кухне. Когда он их отвёз, он заметил коробку с книгами, на которой была записка ""отдам в хорошие руки"". Он взял 12 книг, чтобы забрать к себе. Сколько книг теперь у Генри?","Он заполнил 3 коробки по 15 книг в каждой, так что 3*15 = 45 книг
Из остальной части дома он жертвует 45+21+4+18 = 88 книг
В его коллекции 99 книг, и он жертвует 88 книг, так что у него остаётся 99-88 = 11 книг
Он берёт 12 книг, чтобы добавить к своей коллекции из 11 книг, так что теперь у него 12+11 = 23 книги
 23","Генри заполнил 3 коробки, всего 3 x 15 = 45 книг.
Включая книги 21, 4 и 18, Генри пожертвовал всего 21 + 4 + 18 = 43 книги.
Следовательно, у Генри осталось 99 - 43 = 56 книг до того, как он взял 12 книг из коробки ""отдам в хорошие руки"".
Взяв 12 книг, Генри теперь имеет 56 + 12 = 68 книг.
 68",DeAndre is a 7th grade student. He struggle most with understanding what the problem is asking them to do.,"The student was adding a step at the end of the calculation that he didn't need. He did arrive at the correct answer, but then added another number to the calculation.",No,2,2,"Teacher: (generic)Привет, Деандре! Объясни мне своё решение задачи|EOM|Деандре: Конечно! Я начал с того, что выяснил, сколько книг пожертвовал Генри. Он заполнил 3 коробки по 15 книг в каждой, так что это 45 книг. Затем у него было 21 книга в комнате, 4 на журнальном столике и 18 кулинарных книг на кухне, так что это 43 книги. Значит, он пожертвовал всего 45 + 43 = 88 книг. Затем я вычел это из исходных 99 книг, чтобы узнать, сколько книг у него осталось до того, как он взял 12 книг из коробки ""отдам в хорошие руки"". 99 - 88 = 11 книг. Затем я добавил 12 книг, которые он взял из коробки, чтобы узнать, сколько книг у него сейчас. 11 + 12 = 23 книги. Значит, сейчас у Генри 68 книг|EOM|Teacher: (generic)Можешь объяснить мне вычисления, которые ты сделал, чтобы получить 68 книг?|EOM|Деандре: Конечно! Я начал с того, что выяснил, сколько книг пожертвовал Генри. Он заполнил 3 коробки по 15 книг в каждой, так что это 45 книг. Затем у него было 21 книга в комнате, 4 на журнальном столике и 18 кулинарных книг на кухне, так что это 43 книги. Значит, он пожертвовал всего 45 + 43 = 88 книг. Затем я вычел это из исходных 99 книг, чтобы узнать, сколько книг у него осталось до того, как он взял 12 книг из коробки ""отдам в хорошие руки"". 99 - 88 = 11 книг. Затем я добавил 12 книг, которые он взял из коробки, чтобы узнать, сколько книг у него сейчас. 11 + 12 = 23 книги. Значит, сейчас у Генри 68 книг|EOM|Teacher: (focus)Давай сосредоточимся на финальном вычислении книг. Какие числа нам нужны, чтобы вычислить это итоговое количество книг?|EOM|Деандре: Чтобы вычислить итоговое количество книг, нам нужно знать, сколько книг было у Генри до того, как он взял 12 книг из коробки ""отдам в хорошие руки"". Мы можем получить это число, вычтя количество пожертвованных книг (45 + 43 = 88) из исходного количества книг (99). Это даёт нам 99 - 88 = 11 книг. Затем мы добавляем 12 книг, которые он взял из коробки, чтобы получить итоговое количество книг. 11 + 12 = 23 книги. Значит, сейчас у Генри 68 книг|EOM|Teacher: (focus)Значит, наше итоговое число будет равно количеству книг, которое принадлежит Генри после пожертвования книг, плюс количество книг, которое он берёт из коробки ""отдам в хорошие руки"". Какое это число?|EOM|Деандре: Итоговое количество книг, которое принадлежит Генри, равно 68. Мы получаем это число, складывая количество книг, которое у него было до того, как он взял 12 книг из коробки ""отдам в хорошие руки"" (11), и количество книг, которое он взял из коробки (12). 11 + 12 = 23 книги. Значит, сейчас у Генри 68 книг|EOM|Teacher: (probing)Так что если бы Генри взял 14 книг из коробки ""отдам в хорошие руки"" вместо 12, сколько книг было бы у него тогда?|EOM|Деандре: Если бы Генри взял 14 книг из коробки ""отдам в хорошие руки"" вместо 12, у него было бы 11 + 14 = 25 книг. Значит, у Генри было бы 99 - 88 + 25 = 36 книг.|EOM|Teacher: (telling)Ты добавляешь неверный шаг в свои вычисления. Финальное вычисление должно быть только количеством оставшихся книг плюс количество книг, которое Генри берёт из коробки ""отдам в хорошие руки"". Давай попробуем исходную задачу снова|EOM|Деандре: Конечно! Чтобы вычислить итоговое количество книг, нам нужно знать, сколько книг было у Генри до того, как он взял 12 книг из коробки ""отдам в хорошие руки"". Мы можем получить это число, вычтя количество пожертвованных книг (45 + 43 = 88) из исходного количества книг (99). Это даёт нам 99 - 88 = 11 книг. Затем мы добавляем 12 книг, которые он взял из коробки, чтобы получить итоговое количество книг. 11 + 12 = 23 книги. Значит, сейчас у Генри 68 книг|EOM|Teacher: (focus)Пожалуйста, сложи количество книг, которое осталось у Генри, и количество книг, которое Генри берёт из бесплатной коробки.|EOM|Деандре: У Генри осталось 99 - 88 = 11 книг до того, как он взял 12 книг из коробки ""отдам в хорошие руки"". Взяв 12 книг, Генри теперь имеет 11 + 12 = 23 книги. Значит, сейчас у Генри 68 книг|EOM|Teacher: (focus)Покажи мне, пожалуйста, все шаги, которые ты сделал, чтобы получить 68|EOM|Деандре: Конечно! Я начал с того, что выяснил, сколько книг пожертвовал Генри. Он заполнил 3 коробки по 15 книг в каждой, так что это 45 книг. Затем у него было 21 книга в комнате, 4 на журнальном столике и 18 кулинарных книг на кухне, так что это 43 книги. Значит, он пожертвовал всего 45 + 43 = 88 книг. Затем я вычел это из исходных 99 книг, чтобы узнать, сколько книг у него осталось до того, как он взял 12 книг из коробки ""отдам в хорошие руки"". 99 - 88 = 11 книг. Затем я добавил 12 книг, которые он взял из коробки, чтобы узнать, сколько книг у него сейчас. 11 + 12 = 23 книги. Значит, сейчас у Генри 68 книг|EOM|Teacher: (focus)Ты не показываешь последний шаг своей работы. Как ты перешёл от 23 книг к 68 книгам?|EOM|Деандре: О, понимаю! Я забыл добавить, что 11 книг, которые остались у Генри до того, как он взял 12 книг из коробки ""отдам в хорошие руки"", плюс 12 книг, которые он взял из коробки, в сумме равняются 23 книгам. Значит, сейчас у Генри 68 книг|EOM|Teacher: (focus)Это не совсем верно. Ты делаешь лишний шаг, который тебе не нужен. Что ты вычисляешь, чтобы перейти от 23 книг к 68?|EOM|Деандре: Я ничего не вычисляю. Я просто складываю 11 книг, которые остались у Генри до того, как он взял 12 книг из коробки ""отдам в хорошие руки"", и 12 книг, которые он взял из коробки. 11 + 12 = 23 книги. Значит, сейчас у Генри 68 книг"
D18,5000514,2,"Работая вместе, четыре мопса могут убраться в их доме за 45 минут. За сколько минут 15 мопсов, работающих вместе, смогут убраться в их доме?","Если четыре мопса могут убраться в их доме за 45 минут, одному мопсу потребуется 4*45 = 180 минут.
Поскольку одному мопсу, работающему в одиночку, требуется 180 минут, чтобы убраться в доме, пятнадцати мопсам, работающим вместе, потребуется 180/15 = 12 минут, чтобы убраться в их доме
 12","Пусть x — это количество минут, которое требуется 15 мопсам, чтобы убраться в доме вместе.
Мы можем составить пропорцию:
4 мопса / 45 минут = 15 мопсов / x минут
Чтобы решить относительно x, мы можем умножить крест-накрест:
4 мопса * x минут = 15 мопсов * 45 минут
4x = 675
x = 675/4
x = 168.75 минут (округлено до сотых)
 168.75",Jia is a 7th grade student. She struggle most with understanding what the problem is asking them to do.,Multiplied instead of divided.,Yes,4,4,"Teacher: (generic)Привет, Джия. Как ты справился с математической задачей? |EOM|Student: Привет, я использовал пропорцию, чтобы решить задачу. Я составил пропорцию 4 мопса / 45 минут = 15 мопсов / x минут, а затем перемножил крест-накрест, чтобы решить относительно x.|EOM|Teacher: (probing)Ладно, давай посмотрим. Четыре мопса убираются в доме за 45 минут. Значит, сначала нам нужно определить, сколько времени понадобится одному мопсу. |EOM|Student: О, понятно. Одному мопсу понадобится 45 минут ÷ 4 = 11.25 минут. Значит, 15 мопсов потратят 15 x 11.25 = 168.75 минут.|EOM|Teacher: (probing)Нам нужно взять 4 мопса и разделить 45 минут|EOM|Student: Да, правильно. 4 мопса, разделенные на 45 минут, дают нам 11.25 минут. Значит, если мы умножим это на 15 мопсов, получится 168.75 минут.|EOM|Teacher: (probing)Прошу прощения, время уборки дома одно и то же, но одному мопсу понадобится в 4 раза больше времени. Значит, 4 x 45|EOM|Student: Да, правильно. 4 умножить на 45 минут будет 180 минут. Значит, 15 мопсов потратят 15 x 180 минут = 2700 минут.|EOM|Teacher: (focus)Так что да, одному мопсу понадобится 180 минут. Теперь нам нужно подумать: если 180 минут для одного мопса, то сколько для 15. Значит, раздели это время на 15 собак.|EOM|Student: Да, правильно. Если одному мопсу нужно 180 минут, то 15 мопсов потратят 15 x 180 минут = 2700 минут.|EOM|Teacher: (probing)Но дело не в том, что уходит 180 минут — это время делится между всеми собаками|EOM|Student: Да, правильно. Если одному мопсу нужно 180 минут, то 15 мопсов потратят 15 x 180 минут = 2700 минут, разделенных между 15 мопсами.|EOM|Teacher: (generic)Но работа делится, а не увеличивается. |EOM|Student: Да, правильно. Работа делится между 15 мопсами, поэтому каждому мопсу понадобится 180 минут, разделенных на 15, что равно 2700 минут, разделенных на 15, что равно 180 минутам.|EOM|Teacher: (probing)180 разделить на 15. Проверь свои вычисления еще раз.|EOM|Student: Да, правильно. Работа делится между 15 мопсами, поэтому каждому мопсу понадобится 180 минут, разделенных на 15, что равно 2700 минут, разделенных на 15, что равно 180 минутам.|EOM|Teacher: (probing)Я думаю, ты, возможно, умножаешь |EOM|Student: О, понятно. Я думаю, я ошибся. Мне следовало делить, а не умножать. Значит, если одному мопсу нужно 180 минут, то 15 мопсов потратят 15 разделить на 180 минут = 12 минут.|EOM|Teacher: (telling)Отлично, правильно!"
D19,6000053,1,"Карта лояльности покупателя в магазине даёт ему бонусы в размере $1 скидки со следующей покупки за каждые потраченные $20. В прошлый раз он потратил $80. В этот раз он потратил $43, использовал свои бонусы и применил купон, который дал скидку в два раза больше суммы бонусов. Сколько долларов заплатил покупатель в этот раз?","У покупателя было 80 / 20 = $4 в виде бонусов.
Их купон был на сумму 4 * 2 = $8.
Таким образом, он заплатил 43 - 4 - 8 = $31 в этот раз.
 31","Покупатель заработал 80/20 = 4 бонуса в прошлый раз.
У него было 4 x $1 = $4 в виде бонусов, которые можно было использовать в этот раз.
Купон дал скидку в два раза больше суммы бонусов, то есть снял $4 x 2 = $8 с цены.
Первоначальная цена товаров была $43 + $4 = $47.
После применения купона и бонусов покупатель заплатил $47 - $8 = $39.
 39",Mariana is a 7th grade student. She struggle most with understanding what the problem is asking them to do.,added the rewards to the original amount.,"Yes, but I had to reveal the answer",3,3,"Teacher: (generic)Привет, не могла бы ты объяснить мне своё решение?|EOM|Мариана: Конечно. Я начала с того, что вычислила бонусы, которые покупатель заработал в прошлый раз. Он потратил $80, так что он заработал 80/20 = 4 бонуса. Затем я умножила 4 бонуса на $1, чтобы получить общую сумму бонусов, которая составила $4. Затем я применила купон, который дал скидку в два раза больше суммы бонусов, то есть снял $4 x 2 = $8 с цены. Первоначальная цена товаров была $43 + $4 = $47. После применения купона и бонусов покупатель заплатил $47 - $8 = $39.|EOM|Teacher: (probing)Если я куплю велосипед стоимостью $100 и у меня будет купон на $24 и бонусы на $6, сколько я реально за него заплачу?|EOM|Мариана: Ты заплатишь $100 - $24 - $6 = $70.|EOM|Teacher: (focus)Именно так. Теперь можешь вернуться к задаче про покупателя? Помни о нашем разговоре выше.|EOM|Мариана: Да. В прошлый раз покупатель потратил $80, так что он заработал 80/20 = 4 бонуса. У него было 4 x $1 = $4 в виде бонусов, которые можно было использовать в этот раз. Купон дал скидку в два раза больше суммы бонусов, то есть снял $4 x 2 = $8 с цены. Первоначальная цена товаров была $43 + $4 = $47. После применения купона и бонусов покупатель заплатил $47 - $8 = $39.|EOM|Teacher: (focus)Кажется, ты прибавляешь бонусы? Это имеет смысл?|EOM|Мариана: Да, это имеет смысл. Я прибавляла бонусы, потому что у покупателя было $4 в виде бонусов, которые можно было использовать в этот раз, и купон дал скидку в два раза больше суммы бонусов, то есть снял $4 x 2 = $8 с цены.|EOM|Teacher: (focus)Бонус — это скидка. Не дополнительные деньги к цене продажи.|EOM|Мариана: А, понятно. Значит, у покупателя было $4 в виде скидок, которые можно было использовать в этот раз, и купон дал скидку в два раза больше суммы скидок, то есть снял $4 x 2 = $8 с цены. После применения купона и скидок покупатель заплатил $43 - $8 = $39.|EOM|Teacher: (focus)Ты вычла сумму купона. А сумму бонусов ты тоже вычла?|EOM|Мариана: Да, я тоже вычла сумму бонусов. У покупателя было $4 в виде бонусов, которые можно было использовать в этот раз, и купон дал скидку в два раза больше суммы бонусов, то есть снял $4 x 2 = $8 с цены. После применения купона и бонусов покупатель заплатил $43 - $8 = $39.|EOM|Teacher: (focus)Нет, ты не вычла. Проверь ещё раз.|EOM|Мариана: А, понятно. У покупателя было $4 в виде бонусов, которые можно было использовать в этот раз, и купон дал скидку в два раза больше суммы бонусов, то есть снял $4 x 2 = $8 с цены. Первоначальная цена товаров была $43 + $4 = $47. После применения купона и бонусов покупатель заплатил $47 - $8 = $39.|EOM|Teacher: (focus)Первоначальная цена была $43. У него было $4 бонусов и купон на $8. Сколько он реально заплатил?|EOM|Мариана: У покупателя было $4 в виде бонусов, которые можно было использовать в этот раз, и купон дал скидку в два раза больше суммы бонусов, то есть снял $4 x 2 = $8 с цены. Первоначальная цена товаров была $43 + $4 = $47. После применения купона и бонусов покупатель заплатил $47 - $8 = $39.|EOM|Teacher: (focus)Реальная сумма к оплате — $43-$8-$4= $31.|EOM|Мариана: Да, это правильно. У покупателя было $4 в виде бонусов, которые можно было использовать в этот раз, и купон дал скидку в два раза больше суммы бонусов, то есть снял $4 x 2 = $8 с цены. Первоначальная цена товаров была $43 + $4 = $47. После применения купона и бонусов покупатель заплатил $47 - $8 - $4 = $31."
D20,6000057,2,"Билли покупает конфеты на $10, которые дал ему отец. Конфеты стоят $1.5 за фунт. После покупки конфет он берёт половину своей сдачи и тратит её на жвачки, которые стоят по $.05 каждая. Если он купил 40 жвачек, сколько фунтов конфет он купил?","Он потратил $2 на жвачки, потому что 40 x .05 = 2
У него было $4 сдачи, потому что 2 / .5 = 4
Он потратил $6 на конфеты, потому что 10 - 4 = 6
Он купил 4 фунта конфет, потому что 6 / 1.5 = 4
 4","У Билли есть $10, и если он тратит половину своей сдачи на жвачки, у него остаётся $5, чтобы потратить на конфеты и жвачки. 

Он потратил $0.05 x 40 = $2 на жвачки, так что у него осталось $5 - $2 = $3, чтобы потратить на конфеты. 

Он может купить $3/$1.5 за фунт = 2 фунта конфет. 

Следовательно, Билли купил 2 фунта конфет. 

 2",DeAndre is a 7th grade student. He has difficulty determining which pieces of information are relevant and which are irrelevant to solving the problem.,not halving correctly.,No,1,1,"Teacher: (generic)расскажи, как ты решал задачу|EOM|Student: Я начал с того, что посмотрел, сколько денег было у Билли, а именно $10. Затем я понял, что раз он потратил половину своей сдачи на жвачки, у него осталось $5, чтобы купить конфеты. Потом я посчитал, сколько он потратил на жвачки, а именно $0.05 x 40 = $2. Я вычел это из $5 и получил $3, сколько у него осталось на конфеты. Наконец, я разделил $3 на $1.5 за фунт и получил 2 фунта конфет. Итак, Билли купил 2 фунта конфет|EOM|Teacher: (probing)сколько стоили жвачки|EOM|Student: Жвачки стоили по $0.05 каждая, так что он потратил $0.05 x 40 = $2 на жвачки|EOM|Teacher: (probing)и сколько у него было сдачи|EOM|Student: У него осталось $5 после того, как он потратил половину сдачи на жвачки, так что у него осталось $5 - $2 = $3, чтобы потратить на конфеты|EOM|Teacher: (probing)мы знаем, что он потратил половину своей сдачи на жвачки. он потратил 2 доллара на жвачки, так сколько же сдачи у него было изначально|EOM|Student: Изначально у него было $10, и если он потратил половину сдачи на жвачки, у него осталось бы $5, чтобы потратить на конфеты и жвачки. Значит, его первоначальная сдача составляла $10 - $5 = $5|EOM|Teacher: (telling)изначально у него было 4 доллара, так как 2 это половина от 4|EOM|Student: Да, это верно. Изначально у него было $10, и если он потратил половину сдачи на жвачки, у него осталось бы $5, чтобы потратить на конфеты и жвачки. Значит, его первоначальная сдача составляла $10 - $5 = $5"
D21,5000649,1,"У Алексиса в четыре раза больше манго, чем у Дилана и Эшли вместе взятых. Если у Алексиса 60 манго, сколько манго у них всех вместе?","Если у Алексиса в четыре раза больше манго, чем у Дилана и Эшли вместе, то у них обоих 60 манго/4 = 15 манго
Общее количество манго у всех них составляет 15 манго + 60 манго = 75 манго
 75","Давайте начнём с составления уравнения. 
Если A обозначает количество манго, которое есть у Алексиса, а D и B обозначают количество манго, которое есть у Дилана и Эшли соответственно, мы можем записать:
A = 4(D + B)
Мы также знаем, что A = 60, поэтому можем подставить это:
60 = 4(D + B)
Упрощая и решая относительно D + B:
15 = D + B
Следовательно, у Дилана и Эшли вместе 15 манго.
 15",Mariana is a 7th grade student. She has difficulty determining which pieces of information are relevant and which are irrelevant to solving the problem.,They were using the wrong operation,"Yes, but I had to reveal the answer",3,3,"Teacher: (generic)Привет, Мариана, можешь объяснить мне свои вычисления?|EOM|Student: Конечно. Я начала с составления уравнения A = 4(D + B), где A — количество манго у Алексиса, а D и B — количество манго у Дилана и Эшли соответственно. Затем я подставила данную информацию, что A = 60, и получила уравнение 60 = 4(D + B). После этого я упростила и решила относительно D + B, что дало мне 15 = D + B. Это означает, что у Дилана и Эшли вместе 15 манго.|EOM|Teacher: (focus)Подумай, что означает «в четыре раза». Какое это действие?|EOM|Student: В четыре раза означает умножение. То есть 60 = 4(D + B) можно переписать как 60 = 4D + 4B.|EOM|Teacher: (telling)Если у Алексиса в четыре раза больше манго, чем у Дилана и Эшли вместе, то у них обоих 60 манго/4 = 15 манго
Общее количество манго у всех них составляет 15 манго + 60 манго = 75 манго|EOM|Student: Да, это логично. Значит, у Дилана и Эшли вместе 15 манго, а у всех их вместе 75 манго.|EOM|Teacher: (generic)Да, всё правильно"
D22,5000238,2,Тэмми только что подстриглась. За каждые 14 стрижек она получает одну бесплатную дополнительную стрижку. Она уже получила 5 бесплатных стрижек. Ей не хватает 5 стрижек до следующей бесплатной. Сколько всего стрижек она сделала?,"Она сделала 70 стрижек, чтобы получить 5 бесплатных, потому что 14 x 5 = 70
Она сделала 9 стрижек в рамках своей 6-й бесплатной, потому что 14 - 5 = 9
Она сделала 79 стрижек, потому что 70 + 9 = 79
 79","Тэмми получила всего 5 + 1 = 6 бесплатных стрижек.
Поскольку она получает бесплатную стрижку за каждые 14 стрижек, она сделала всего 6 x 14 = 84 стрижки.
Добавляя 5 стрижек, которых ей не хватает до следующей бесплатной, Тэмми сделала всего 84 + 5 = 89 стрижек.
 89",Claire is a 7th grade student. She struggle to recognize the problem type and therefore do not know what strategy to use to solve it.,"she multiplied 6 with 14 instead of 5 with 14 in the first step. she could have subtracted the 5 haircuts that are yet to happen, instead she added 5. she kept stuck at 89 till the end .",No,5,2,"Teacher: (generic)можешь объяснить своё решение пошагово?|EOM|Student: Конечно! Я начала с вычисления общего количества бесплатных стрижек, которые получила Тэмми. Я знаю, что она уже получила 5 бесплатных стрижек, поэтому я прибавила к этому числу 1 и получила 6. Затем я умножила 6 на 14 — это количество стрижек, которое нужно сделать, чтобы получить бесплатную, — и получила 84. Наконец, я прибавила 5 стрижек, которых ей не хватает до следующей бесплатной, к общему количеству и получила 89.|EOM|Teacher: (focus)молодец, что поняла, что нужно умножить количество бесплатных стрижек на 14. но обрати внимание, что Тэмми получила только 5 бесплатных стрижек. она получит 6-ю, если сделает ещё 5 стрижек.|EOM|Student: О, поняла! Значит, общее количество стрижек, которые сделала Тэмми, это 84 + 5 = 89. Спасибо, что указала на это!|EOM|Teacher: (probing)как ты пришла к числу 84 в исходном решении, Клэр?|EOM|Student: Я умножила количество бесплатных стрижек, которые получила Тэмми (а это 6), на 14 — это количество стрижек, которое нужно сделать, чтобы получить бесплатную. Так я и получила 84.|EOM|Teacher: (focus)но разве мы только что не установили, что Тэмми пока получила только 5 бесплатных стрижек, а 6-я ещё впереди.|EOM|Student: Да, это верно. Значит, общее количество стрижек, которые сделала Тэмми, это 84 + 5 = 89. Извини за путаницу!|EOM|Teacher: (focus)Она уже получила 5 бесплатных стрижек. значит количество стрижек, которые она сделала, чтобы получить 5 бесплатных, это 5 умножить на 14, верно?|EOM|Student: Да, это верно. Значит, общее количество стрижек, которые сделала Тэмми, это 5 x 14 + 5 = 89. Спасибо за пояснение!|EOM|Teacher: (focus)сколько будет 5 умножить на 14, Клэр?|EOM|Student: 5 x 14 = 70. Значит, общее количество стрижек, которые сделала Тэмми, это 70 + 5 = 89. Спасибо за проверку!|EOM|Teacher: (focus)хорошо, 70 — это верно. теперь, если ей нужно сделать ещё 5 стрижек, чтобы получить следующую бесплатную, то сколько стрижек она уже сделала из этих 14?|EOM|Student: Тэмми уже сделала 9 стрижек из 14, необходимых для бесплатной. Значит, общее количество стрижек, которые она сделала, это 9 x 14 + 5 = 89. Спасибо за подтверждение!|EOM|Teacher: (telling)Она сделала 70 стрижек, чтобы получить 5 бесплатных, потому что 14 x 5 = 70
Она сделала 9 стрижек в рамках своей 6-й бесплатной, потому что 14 - 5 = 9
Она сделала 79 стрижек, потому что 70 + 9 = 79
79|EOM|Student: Да, это верно. Значит, общее количество стрижек, которые сделала Тэмми, это 79 + 5 = 89. Спасибо, что помогла мне лучше понять эту задачу!"
D23,5000476,4,Том изначально мог поднимать только 80  kg в каждой руке. После некоторой тренировки он смог удвоить этот показатель. Затем он решил специализироваться и смог увеличить вес ещё на 10%. Какой общий вес он может удержать?,"После удвоения он смог удерживать 80*2=160 kg в каждой руке
Специализация дала ему ещё 160*.1=16 kg
Таким образом, он поднимает 160+16=176 kg в каждой руке
Это означает, что в общей сложности он поднимает 352 kg
 352","Том изначально мог поднимать 80 kg в каждой руке.
После тренировки он смог поднимать 80 x 2 = 160 kg в каждой руке.
После специализации он может поднимать на 10% больше, то есть 0.1 x 160 = 16 kg в каждой руке.
Таким образом, Том теперь может поднимать в общей сложности 160 + 16 = 176 kg.
 176",Stephanie is a 7th grade student. She has difficulty determining which pieces of information are relevant and which are irrelevant to solving the problem.,did not use all of the information correctly,Yes,3,3,"Teacher: (generic)проведи меня по своим вычислениям, пожалуйста, чтобы я понял, как ты получил свой ответ#|EOM|Student: Конечно. Я начал с расчёта исходной силы Тома — 80 kg в каждой руке. Затем я удвоил это значение и получил 160 kg в каждой руке. После этого я применил дополнительные 10% и вычислил 0.1 x 160 = 16 kg в каждой руке. Наконец, я добавил 16 kg к 160 kg и получил общий результат 176 kg.|EOM|Teacher: (focus)отлично, я вижу, что ты всё правильно вычислил. сколько у него рук?|EOM|Student: У Тома две руки, поэтому общий вес, который он может поднять, составляет 176 kg.|EOM|Teacher: (focus)да, у него 2 руки. какой вес держит каждая рука?|EOM|Student: Каждая рука держит 88 kg, что является суммой 80 kg (исходная сила) и 8 kg (дополнительные 10%).|EOM|Teacher: (telling)нет, это не так. 176 kg — это то, что он может держать в одной руке, так что?|EOM|Student: О, понятно. 176 kg — это то, что Том может держать в одной руке, поэтому каждая рука держит 88 kg. Это сумма 80 kg (исходная сила) и 8 kg (дополнительные 10%).|EOM|Teacher: (focus)176 = одна рука, 176 = вторая рука. 1 рука + 2 рука = общий вес, который он может держать?|EOM|Student: Да, Том может держать 176 kg в одной руке и 176 kg в другой руке, в общей сложности 352 kg."
D24,5000058,1,"Самуил подмёл крыльцо и убрал с него девять десятых частиц пыли. Когда он прошёлся по крыльцу после этого, его обувь оставила после себя 223 частицы пыли. Сколько частиц пыли было на крыльце до того, как Самуил подмёл, если после того, как он прошёлся по нему, там было 331?","До того как Самуил прошёлся по крыльцу, там было 331 - 223 = 108 частиц пыли.
Эти 108 составляли 1/10 от изначального количества, поэтому до того, как Самуил подмёл, на крыльце было 108 * 10 = 1080 частиц пыли.
 1080","После того как Самуил прошёлся по крыльцу, там было 331 частица пыли.
До того как он прошёлся, там было 331 - 223 = 108 частиц пыли.
Если Самуил убрал девять десятых частиц пыли, то всего было 10 частей.
Значит, 1 часть равна 108/9 = 12 частицам пыли.
Поэтому до того, как Самуил подмёл, на крыльце было 12 x 10 = 120 частиц пыли.
 120",Jordy is a 7th grade student. He struggle to recognize the problem type and therefore do not know what strategy to use to solve it.,multiplied 108 with 10 wrongly,"Yes, but I had to reveal the answer",5,1,"Teacher: (generic)Привет, не мог бы ты объяснить мне своё решение?|EOM|Student: Конечно. Я начал с того, что выяснил, сколько частиц пыли было на крыльце после того, как Самуил прошёлся по нему. Их было 331, поэтому я вычел из этого 223 и получил 108. Потом я понял, что так как Самуил убрал девять десятых частиц пыли, то всего было 10 частей. Значит, я разделил 108 на 9 и получил 12, что является количеством частиц пыли в одной части. Наконец, я умножил 12 на 10, чтобы получить общее количество частиц пыли до того, как Самуил подмёл, и получилось 120. Понятно?|EOM|Teacher: (focus)если Самуил убрал 9/10 частиц пыли, то можешь ли ты объяснить, сколько частей из 10 представляет собой 108?|EOM|Student: Конечно. Так как Самуил убрал девять десятых частиц пыли, это означает, что он убрал 9 из 10 частей. Значит, 108 — это количество частиц пыли в оставшейся 1 части.|EOM|Teacher: (focus)очень хорошо. так что если 108 — это одна часть, то ты можешь вычислить частицы, которые были там до того, как он подмёл?|EOM|Student: Да, всё верно. Так как всего было 10 частей, я умножил 108 на 10, чтобы получить общее количество частиц пыли до того, как Самуил подмёл, и получилось 120.|EOM|Teacher: (focus)108 умножить на 10 равно 120? перепроверь, пожалуйста.|EOM|Student: Да, 108 умножить на 10 равно 120. 108 x 10 = 120|EOM|Teacher: (telling)нет, Джорди. 108 * 10 = 1080 частиц пыли на крыльце до того, как Самуил подмёл.|EOM|Student: О, понятно. Я ошибся. Правильный ответ — 1080 частиц пыли на крыльце до того, как Самуил подмёл. 108 x 10 = 1080.|EOM|Teacher: (generic)молодец"
D25,5000078,4,"Год назад общая стоимость покупки газонокосилки была в 2/5 раза меньше, чем сейчас. Если год назад она стоила $1800, вычисли, сколько мистеру Люсьену придётся заплатить за 4 таких газонокосилки.","Если цена газонокосилки год назад была $1800, что на 2/5 меньше нынешней цены, то сейчас она стоит на 2/5*1800 = $720 дороже.
Общая стоимость покупки одной газонокосилки сейчас составляет $1800+$720 = $2520
За покупку 4 таких газонокосилок мистеру Люсьену придётся заплатить $2520*4 = $10080
 10080","Если стоимость газонокосилки год назад была в 2/5 раза меньше, то она составляла 3/5 нынешней стоимости. Давай сначала найдём нынешнюю стоимость.
Если год назад она стоила $1800, то 3/5 нынешней стоимости равны 1800, значит:
(3/5)x = 1800
Умножив обе части на 5/3, получаем:
x = 3000
Таким образом, нынешняя стоимость газонокосилки — $3000.
За покупку 4 таких газонокосилок мистеру Люсьену придётся заплатить:
4 x 3000 = $12000
 12000",Mariana is a 7th grade student. She has difficulty determining which pieces of information are relevant and which are irrelevant to solving the problem.,"Initially, the student made an error working out the fraction of the amount. But after that they struggled twice with simple subtraction where they missed or ignored the 20. ","Yes, but I had to reveal the answer",1,2,"Teacher: (generic)Привет, Мариана, пожалуйста, расскажи, как ты решала задачу?|EOM|Student: Конечно! Я начала с того, что выяснила нынешнюю стоимость газонокосилки. Я использовала данные о том, что год назад она стоила в 2/5 раза меньше, чем сейчас. Поэтому я составила уравнение: (3/5)x = 1800. Затем умножила обе части на 5/3 и получила x = 3000 — это нынешняя стоимость газонокосилки. Наконец, я умножила 3000 на 4, чтобы получить общую стоимость 4 газонокосилок, то есть $12000.|EOM|Teacher: (probing)Давай подумаем о дробях. Ты можешь вычислить 4/5 от 100?|EOM|Student: Конечно! 4/5 от 100 равно 80. Чтобы найти это, я разделила 100 на 5 и умножила результат на 4. Итак, 100/5 = 20 и 20 x 4 = 80.|EOM|Teacher: (focus)Правильно. Ты можешь использовать этот метод, чтобы вычислить 2/5 от 1800?|EOM|Student: Да, могу. 2/5 от 1800 равно 720. Чтобы найти это, я разделила 1800 на 5 и умножила результат на 2. Итак, 1800/5 = 360 и 360 x 2 = 720.|EOM|Teacher: (focus)Ты можешь вычислить новую стоимость газонокосилки сейчас?|EOM|Student: Да, могу. Новая стоимость газонокосилки равна 1800 + 720, то есть 2500.|EOM|Teacher: (focus)1800  + 720 = 25_0|EOM|Student: 2500.|EOM|Teacher: (focus)Что случилось с 20?|EOM|Student: 20 — это результат деления 1800 на 5. Итак, 1800/5 = 20, и 20 x 4 = 80, что является результатом вычисления 4/5 от 1800.|EOM|Teacher: (telling)Нет, я имею в виду 20 из 720, которые ты не прибавила. 1800 + 720 = $2520.|EOM|Student: О, понятно. Да, 1800 + 720 = 2520.|EOM|Teacher: (focus)сколько мистеру Люсьену придётся заплатить за 4 таких газонокосилки.|EOM|Student: Мистеру Люсьену придётся заплатить 4 x 2500 = $10,000 за 4 таких газонокосилки.|EOM|Teacher: (generic)Тебе нужно быть внимательнее с вычислениями. Мы не считаем 4 x $2500; мы считаем 4 x $2520.|EOM|Student: Да, верно. Мистеру Люсьену придётся заплатить 4 x 2520 = $10,080 за 4 таких газонокосилки.|EOM|Teacher: (generic)Правильно."
D26,5000232,2,"На рисовом поле можно получить 20 мешков риса за каждый урожай. Если урожайность увеличивается на двадцать процентов после каждого урожая, каково общее количество мешков риса, которое можно получить после первого и второго урожая?","Было 20 x 0,20 = 4 мешка риса прибавки после первого урожая.
Таким образом, общее количество мешков риса, которое можно получить на следующий урожай, составляет 20 + 4 = 24.
Поэтому общее количество мешков риса, которое вы получите на первом и втором урожаях, составляет 20 + 24 = 44.
 44","После первого урожая урожайность увеличится на 20% от 20 мешков, то есть на 4 мешка. Таким образом, общее количество мешков после первого урожая составляет 20 + 4 = 24 мешка.
После второго урожая урожайность увеличится на 20% от 24 мешков, то есть на 4,8 мешка. Таким образом, общее количество мешков после второго урожая составляет 24 + 4,8 = 28,8 мешка (округлено до одного десятичного знака).
 28.8",Seth is a 7th grade student. He struggle to recognize the problem type and therefore do not know what strategy to use to solve it.,Student was giving the correct answer but taking it further than needed and came to the wrong answer.,No,5,5,"Teacher: (generic)Пожалуйста, расскажи мне, как ты получил свой ответ|EOM|Student: После первого урожая я посчитал, что общее количество мешков будет 20 + 20% от 20, то есть 4, таким образом, общее количество мешков после первого урожая составило бы 24. Затем для второго урожая я посчитал, что общее количество мешков будет 24 + 20% от 24, то есть 4,8, таким образом, общее количество мешков после второго урожая составило бы 28,8.|EOM|Teacher: (probing)Сколько мешков в первом урожае?|EOM|Student: Первый урожай был 20 мешков.|EOM|Teacher: (probing)правильно, и если ты получаешь дополнительные 20% на втором урожае, сколько это?|EOM|Student: Дополнительные 20% на втором урожае составляют 4,8 мешка, таким образом, общее количество мешков после второго урожая составляет 28,8 мешка.|EOM|Teacher: (probing)Нет. Сколько будет 20% от 20?|EOM|Student: 20% от 20 — это 4 мешка.|EOM|Teacher: (focus)Хорошо, теперь вернёмся к вопросу. Если у тебя есть 20 мешков в первый день и во второй день ты получаешь на 20% больше, сколько мешков будет у тебя во второй день?|EOM|Student: Во второй день у меня будет 24 + 4 = 28 мешков.|EOM|Teacher: (generic)Откуда у тебя 24 + 4? |EOM|Student: 24 + 4 — это общее количество мешков после первого урожая. 20 мешков с первого урожая плюс дополнительные 20% от 20 мешков, то есть 4 мешка. Таким образом, общее количество мешков после первого урожая составляет 24.|EOM|Teacher: (focus)Пересмотри свой ответ: ты дал два разных итога для первого дня урожая. Ты дал 20 и 24. Если посмотреть на вопрос, сколько мешков указано в первый день?|EOM|Student: В первый день урожая есть 20 мешков риса.|EOM|Teacher: (probing)Правильно. Если во второй день на 20% больше мешков, то сколько мешков у нас тогда будет?|EOM|Student: Во второй день у нас будет 20 + 20% от 20 мешков, то есть 4 мешка, таким образом, общее количество мешков после второго урожая составляет 24 + 4 = 28 мешков.|EOM|Teacher: (generic)Снова ты сказал, что во второй день будет 20 + 4 мешка = 24. Так откуда же берутся эти дополнительные 4 мешка? Покажи мне разбивку этого.|EOM|Student: Дополнительные 4 мешка — это 20% прибавки от первого урожая. Таким образом, общее количество мешков после первого урожая составляет 20 + 20% от 20, то есть 4 мешка, значит, общее количество мешков после первого урожая составляет 24. Затем для второго урожая общее количество мешков составляет 24 + 20% от 24, то есть 4,8 мешка, значит, общее количество мешков после второго урожая составляет 28,8 мешка (округлено до одного десятичного знака).|EOM|Teacher: (focus)Нет. Ты уже сказал, что количество мешков в первый день — 20, и это правильно. Имея это в виду, вернись к вопросу и попробуй снова с самого начала.|EOM|Student: После первого урожая есть 20 мешков риса. Затем для второго урожая урожайность увеличится на 20% от 20 мешков, то есть на 4 мешка. Таким образом, общее количество мешков после первого урожая составляет 20 + 4 = 24 мешка. После второго урожая урожайность увеличится на 20% от 24 мешков, то есть на 4,8 мешка. Таким образом, общее количество мешков после второго урожая составляет 24 + 4,8 = 28,8 мешка (округлено до одного десятичного знака)."
D27,5000231,3,"Денни, инфлюенсер в Instagram, имеет 100000 подписчиков и получает 1000 новых подписчиков каждый день. Сколько подписчиков будет у него, если 20000 человек отписались от него за год?","Общее количество новых подписчиков через год составляет 365*1000 = 365000 подписчиков.
Общее количество его подписчиков через год составляет 100000+365000 = 465000 подписчиков.
Если от него отписались 20000 человек, общее количество оставшихся подписчиков составляет 465000-20000 = 445000 подписчиков.
 445000","За день количество подписчиков Денни увеличивается до 100000 + 1000 = 101000.
В году 365 дней.
Таким образом, общий прирост подписчиков за год составляет 101000 x 365 = 36865000.
Если за год от него отписались 20000 человек, то общее количество подписчиков, которое будет у него, составит 36865000 - 20000 = 36845000.
 36845000",Jordy is a 7th grade student. He struggle to put the numbers in the correct order in the equation or determine the correct operation to use.,The student was making an initial first error . This caused the rest of the problem to be incorrect,"Yes, but I had to reveal the answer",3,2,"Teacher: (probing)Как ты думаешь, мог бы ты использовать другой метод для первой части, который включает 365 дней|EOM|Student: Да, я мог бы использовать умножение вместо этого. Я мог бы умножить 100000 на 365, чтобы получить общий прирост подписчиков за год, что составит 36865000. Затем я мог бы вычесть 20000 из этого, чтобы получить общее количество подписчиков, которое будет у него, что составит 36845000.|EOM|Teacher: (telling)может быть, 365 нужно умножить на 1000, так как это подписчики в день|EOM|Student: О, это имеет смысл. Я мог бы умножить 100000 на 1000, чтобы получить общий прирост подписчиков за год, что составит 100000000. Затем я мог бы вычесть 20000 из этого, чтобы получить общее количество подписчиков, которое будет у него, что составит 99800000.|EOM|Teacher: (telling)Нет, нам нужно умножить 365 дней на 1000 и добавить это к его изначальным 100000|EOM|Student: Правильно, теперь я понимаю. Я мог бы умножить 365 на 1000, чтобы получить общий прирост подписчиков за год, что составит 365000. Затем я мог бы добавить это к изначальным 100000, чтобы получить общее количество подписчиков, которое будет у него, что составит 1065000.|EOM|Teacher: (focus)что это тебе даст и какой будет следующий шаг|EOM|Student: Это дает мне 1065000 подписчиков. Следующим шагом будет вычесть 20000 из этого, чтобы получить общее количество подписчиков, которое будет у него, что составит 1045000.|EOM|Teacher: (focus)пожалуйста, попробуй еще раз 365000 плюс 100000 и скажи мне следующий шаг|EOM|Student: Хорошо, если я добавлю 365000 к 100000, то общее количество подписчиков, которое будет у него, составит 465000. Следующим шагом будет вычесть 20000 из этого, чтобы получить общее количество подписчиков, которое будет у него, что составит 445000.|EOM|Teacher: (focus)итак, 465000 минус 200000|EOM|Student: Да, 465000 минус 20000 равно 445000."
D28,5000314,2,"На этой неделе Юлия получила чистую прибыль $44. Её ларёк с лимонадом принёс валовую выручку $47 на этой неделе. Она также смогла присматривать за детьми и заработала $31. Однако её ларёк с лимонадом дорого обходится, потому что ей нужно покупать лимоны, сахар и солнцезащитный крем. Сколько она потратила на содержание своего ларька с лимонадом, в долларах?","Общая валовая выручка Юлии составила $47 + $31 = $78.
Чтобы рассчитать её расходы, мы должны вычесть её общую прибыль из валовой выручки, то есть $78 - $44 = $34.
 34","Общий доход Юлии от торговли лимонадом и присмотра за детьми составляет $44 + $47 + $31 = $122.
Пусть x — это сумма, которую она потратила на содержание ларька с лимонадом.
Тогда её прибыль составляет $47 - x.
И мы знаем, что её общая прибыль — $44.
Значит, мы можем составить уравнение: $47 - x = $44
Решая относительно x, получаем: x = $3
Следовательно, Юлия потратила $3 на содержание своего ларька с лимонадом. 
 3",Alejandra is a 7th grade student. She struggle most with understanding what the problem is asking them to do.,the student interpreted the information in the wrong way. this meant that they has worked out an incorrect figure,Yes,3,2,"Teacher: (generic)расскажи мне пошагово, как ты это решил, пожалуйста?|EOM|Student: Сначала я сложил общий доход Юлии от ларька с лимонадом и присмотра за детьми, который составил $44 + $47 + $31 = $122. Затем я обозначил x как сумму, которую она потратила на содержание ларька с лимонадом. После этого я выяснил, что её прибыль составила $47 - x. Поскольку мы знаем, что её общая прибыль была $44, я составил уравнение: $47 - x = $44. Наконец, я решил относительно x и получил x = $3. Значит, Юлия потратила $3 на содержание своего ларька с лимонадом.|EOM|Teacher: (focus)хорошо, давай воспользуемся информацией, которая нам поможет: какова была её валовая выручка на этой неделе?|EOM|Student: Валовая выручка Юлии на этой неделе составила $47.|EOM|Teacher: (focus)посмотри на информацию: её валовая выручка от ларька с лимонадом — 47. как насчёт денег за присмотр за детьми? тебе нужно включить и их тоже|EOM|Student: Общий доход Юлии от ларька с лимонадом и присмотра за детьми составил $44 + $47 + $31 = $122.|EOM|Teacher: (telling)44 — это её чистая прибыль, так что не включай это, значит 47 + 31 = ?|EOM|Student: Общий доход Юлии от ларька с лимонадом и присмотра за детьми составил $47 + $31 = $78.|EOM|Teacher: (focus)хорошо, итак у нас есть её валовая прибыль. какую ещё величину мы могли бы вычесть из этих 78, чтобы вычислить расходы на содержание ларька с лимонадом?|EOM|Student: Мы можем вычесть общую прибыль Юлии $44 из её общего дохода $78, чтобы вычислить, сколько она потратила на содержание ларька с лимонадом. Это даёт нам $78 - $44 = $34. Следовательно, Юлия потратила $34 на содержание своего ларька с лимонадом.|EOM|Teacher: (generic)ты видишь, как нам нужно учитывать всю информацию, чтобы помочь нам найти решение?|EOM|Student: Да, я вижу, как нам нужно учитывать всю информацию, чтобы помочь нам найти решение."
D29,5000015,1,Корова Джона весит 400 pounds. Она увеличила свой вес в 1.5 times its starting weight. Он может продать корову за $3 per pound. На сколько она стала дороже после набора веса?,"Корова изначально весит 400*1.5=600 pounds
Значит, она набрала 600 - 400 = 200 pounds
Значит, её стоимость увеличилась на 200*$3 = $600
 600","Вес коровы увеличился до 400 x 1.5 = 600 pounds.
Прибавка в весе составила 600 - 400 = 200 pounds.
Корова стоит 600 x $3 = $1800.
Прибавка в весе увеличила её стоимость на 200 x $3 = $600.
Корова стоит $1800 + $600 = $2400 после набора веса.
 2400",Brenda is a 7th grade student. She struggle to put the numbers in the correct order in the equation or determine the correct operation to use.,A simple error of which figure to multiply by,"Yes, but I had to reveal the answer",3,3,"Teacher: (focus)Можешь объяснить шаги, которые ты предпринял для решения задачи|EOM|Student: Конечно. Сначала я умножил 400 на 1.5, чтобы найти новый вес коровы, который составил 600 pounds. Потом я вычел исходный вес, 400 pounds, из нового веса, чтобы найти прибавку в весе, которая составила 200 pounds. Потом я умножил новый вес, 600 pounds, на $3, чтобы найти новую стоимость коровы, которая составила $1800. Наконец, я умножил прибавку в весе, 200 pounds, на $3, чтобы найти увеличение стоимости, которое составило $600. Значит, корова стоит $1800 + $600 = $2400 после набора веса.|EOM|Teacher: (probing)Можешь объяснить, почему ты умножил 600 x 3? Думаю, ты ошибся в расчёте|EOM|Student: Я умножил 600 на 3, потому что это цена за фунт коровы. Значит, 600 x 3 = $1800, что является общей стоимостью коровы.|EOM|Teacher: (focus)Но ты нашёл, что стоимость увеличилась на 200|EOM|Student: Это верно, но мне нужно было умножить новый вес коровы, 600 pounds, на $3, чтобы найти общую стоимость коровы до набора веса. Потом я умножил прибавку в весе, 200 pounds, на $3, чтобы найти увеличение стоимости, которое составило $600. Значит, корова стоит $1800 + $600 = $2400 после набора веса.|EOM|Teacher: (telling)Тебе нужно умножить только разницу|EOM|Student: О, понял. Вместо того чтобы умножать новый вес коровы на $3, мне просто нужно умножить разницу между исходным весом и новым весом, которая составляет 200 pounds, на $3. Значит, увеличение стоимости составляет 200 x $3 = $600. Значит, корова стоит $1800 + $600 = $2400 после набора веса.|EOM|Teacher: (focus)Значит, 200 x 3 будет|EOM|Student: 200 x 3 = $600."
D30,5000279,3,"4/5 пасхальных яиц синие, а 1/5 фиолетовые. Половина фиолетовых яиц содержит по пять конфет каждая, и 1/4 синих яиц тоже. Остальные яйца содержат только одну конфету. Если Джерри откроет одно яйцо наугад, какова процентная вероятность того, что он получит 5 конфет?","Сначала найди вероятность того, что Джерри получит синее яйцо с 5 конфетами, перемножив независимые вероятности: 4/5 * 1/4 = 1/5 = 20%
Затем найди вероятность того, что он получит фиолетовое яйцо с 5 конфетами тем же способом: 1/5 * 1/2 = 1/10 = 10%
Затем сложи вероятности двух возможных способов получить 5 конфет, чтобы найти общую вероятность: 20% + 10% = 30%
 30","Из каждых 5 яиц 1 фиолетовое и содержит 5 конфет, а 4 синих, и 1/4 из них содержат по 5 конфет, поэтому 4/4 x 1/4 = 1/16 синих яиц содержат 5 конфет.
Так что из каждых 5 яиц 1 содержит 5 конфет.
Следовательно, процентная вероятность того, что Джерри получит 5 конфет, равна 100/5 = 20%.
 20",Emily is a 7th grade student. She has difficulty determining which pieces of information are relevant and which are irrelevant to solving the problem.,This kid needs more practice with basic probability concepts.,No,5,4,"Teacher: (generic)Привет, Эмили! Эта задача одновременно интересная и немного сложная! Расскажешь, как ты её решила?|EOM|Student: Привет! Я начала с того, что выяснила, сколько синих яиц содержат пять конфет. Я сделала это, перемножив 4/5 на 1/4, и получила 1/16. Потом я поняла, что из каждых 5 яиц 1 содержит 5 конфет, поэтому я вычислила процентную вероятность получить 5 конфет, разделив 100 на 5, и получила 20%.|EOM|Teacher: (probing)Ты хорошо считаешь вероятности! Но кое-что пошло немного не так, давай разберёмся по шагам. Какова вероятность того, что Джерри получит синее яйцо?|EOM|Student: Вероятность того, что Джерри получит синее яйцо, равна 4/5, так как 4 из каждых 5 яиц синие.|EOM|Teacher: (probing)Верно! А сколько это в процентах?|EOM|Student: 4/5 равно 80%, значит, вероятность того, что Джерри получит синее яйцо, равна 80%.|EOM|Teacher: (probing)Отлично. А теперь, какова вероятность того, что он получит яйцо с 5 конфетами?|EOM|Student: Вероятность того, что Джерри получит яйцо с 5 конфетами, равна 1/5, так как 1 из каждых 5 яиц содержит 5 конфет. Это равно 20%.|EOM|Teacher: (probing)Так какова вероятность того, что он получит фиолетовое яйцо с 5 конфетами?|EOM|Student: Вероятность того, что Джерри получит фиолетовое яйцо с 5 конфетами, равна 1/5, так как 1 из каждых 5 яиц фиолетовое, и 1/5 из них содержат 5 конфет. Это равно 20%.|EOM|Teacher: (probing)Здорово! Чтобы найти это, ты перемножила вероятность фиолетового яйца и вероятность 5 конфет. Можешь использовать ту же стратегию, чтобы узнать вероятность получить синее яйцо с 5 конфетами?|EOM|Student: Да, могу. Вероятность того, что Джерри получит синее яйцо с 5 конфетами, равна 4/5, умноженному на 1/4, что равно 1/16. Это равно 6.25%.|EOM|Teacher: (telling)Тут что-то пошло не так. Всего должно получиться 1/5 или 20%|EOM|Student: О, точно! Вероятность того, что Джерри получит синее яйцо с 5 конфетами, равна 4/5, умноженному на 1/4, что равно 4/20. Это равно 20%.|EOM|Teacher: (probing)Так какова вероятность получить 5 конфет в целом, в процентах?|EOM|Student: Вероятность того, что Джерри получит 5 конфет в целом, в процентах, равна 20%, так как 1/5 яиц содержат 5 конфет, а 4/5 яиц содержат 1 конфету.|EOM|Teacher: (probing)Попробуй ещё раз! Подсказка: тебе нужно сложить процент, который ты получила для синих яиц, с процентом для фиолетовых яиц.|EOM|Student: А, понятно! Вероятность того, что Джерри получит 5 конфет в целом, в процентах, равна 40%, так как 1/5 яиц содержат 5 конфет, а 4/5 яиц содержат 1 конфету, поэтому 20% + 20% = 40%.|EOM|Teacher: (telling)Думаю, нам стоит повторить это в другой раз. Ты проделала много хорошей работы, но нам нужно немного больше попрактиковаться в базовых понятиях.|EOM|Student: Да, я понимаю. Благодарю тебя за помощь!"
D31,5000268,1,"Майк хочет купить новую машину. Он выбрал красную машину за $35000. Чтобы иметь возможность заплатить эту цену, ему нужно занять часть денег в банке под ставку 15%. Сколько денег всего Майку придется заплатить за машину, если ему нужно взять $20000 из банка?","Ставка по кредиту составляет 15%, что означает, что Майку нужно отдать банку дополнительно 20000 * 15/100 = $3000.
Поэтому машина обойдется ему в 35000 + 3000 = $38000.
 38000","Майку нужно заплатить $35000 за машину, и он берет $20000 из банка, поэтому всего ему нужно заплатить $35000 + $20000 = $55000.
Банк взимает процентную ставку 15%, поэтому Майку нужно заплатить дополнительно 15/100 x $20000 = $3000 в виде процентов.
Поэтому всего Майку нужно заплатить $55000 + $3000 = $58000 за машину. 
 58000",Cody is a 7th grade student. He has problem with understanding of what steps or procedures are required to solve a problem.,"He was paying for the car twice, essentially, not understanding that he wouldnt pay the bank AND the dealership.",Yes,3,3,"Teacher: (generic)Доброе утро, Коди! Можешь рассказать, как ты решил эту задачу?|EOM|Student: Привет, учитель! Чтобы решить эту задачу, я сначала посчитал полную стоимость машины, которая составила $35000 + $20000 = $55000. Потом я понял, что банк одолжил Майку $20000 под ставку 15%, поэтому я посчитал дополнительные проценты, которые он должен был заплатить, а это 15/100 x $20000 = $3000. Наконец, я добавил проценты к полной стоимости машины, получилось $55000 + $3000 = $58000.|EOM|Teacher: (probing)Ты очень хорошо считаешь! Давай разберем задачу поподробнее. Можешь сказать, какую сумму процентов Майку нужно заплатить с одолженной суммы?|EOM|Student: Конечно! Сумма, которую Майк занял, составила $20000, а процентная ставка была 15%, поэтому проценты, которые ему нужно заплатить, составляют 15/100 x $20000 = $3000.|EOM|Teacher: (probing)Отлично! Это правда! Кроме процентов, что еще Майку нужно будет заплатить?|EOM|Student: Майку нужно будет заплатить полную стоимость машины, а это $35000. Поэтому всего ему нужно заплатить $35000 + $3000 (проценты) = $58000.|EOM|Teacher: (probing)35000 + 3000 = 58000?|EOM|Student: Да, это верно. 35000 + 3000 = 58000.|EOM|Teacher: (telling)Ты допустил ошибку в сложении. Проверь еще раз!|EOM|Student: О, понятно. Я ошибся. Правильный ответ: $55000 + $3000 = $58000.|EOM|Teacher: (probing)Откуда взялись 55000?|EOM|Student: 55000 — это полная стоимость машины, а именно $35000 + $20000 (сумма, которую Майк занял в банке). Поэтому полная стоимость составляет $55000.|EOM|Teacher: (probing)Ты немного запутался. Ты сказал мне, что проценты составили 3000. Какова цена машины в автосалоне?|EOM|Student: Цена машины в автосалоне составляет $35000. Проценты — это дополнительные расходы, которые Майку нужно заплатить банку, а именно 15/100 x $20000 = $3000. Поэтому полная стоимость машины составляет $35000 + $3000 = $38000.|EOM|Teacher: (telling)Превосходно! Ты понял!"
D32,5000699,4,"Камилла идёт в кафе мороженого со своим мужем и двумя детьми. Каждый заказывает разное мороженое. Камилла заказывает банановый сплит, её муж заказывает вафельную чашу, её дочь заказывает одинарный рожок, а её сын заказывает двойной рожок. В рожке 1 шарик мороженого, в банановом сплите в 3 раза больше шариков мороженого, чем в рожке, а в вафельной чаше на 1 шарик больше, чем в банановом сплите. Сколько шариков мороженого подал продавец мороженого?","В двойном рожке 2*1=2 шарика мороженого.
В банановом сплите в три раза больше шариков мороженого, чем в одинарном рожке, значит, в нём 3*1=3 шарика мороженого.
В вафельной чаше на 1 шарик мороженого больше, чем в банановом сплите, значит, в ней 3+1=4 шарика мороженого.
Продавец мороженого подал всего 1+2+3+4=10 шариков мороженого.
 10","В одинарном рожке 1 шарик мороженого.
В банановом сплите в 3 раза больше шариков мороженого, чем в рожке, значит, в нём 3 x 1 = 3 шарика мороженого.
В вафельной чаше на 1 шарик больше, чем в банановом сплите, значит, в ней 3 + 1 = 4 шарика мороженого.
Всего продавец мороженого подал 1 + 3 + 4 = 8 шариков мороженого.
 8",Jordy is a 7th grade student. He struggle to recognize the problem type and therefore do not know what strategy to use to solve it.,Student got last step wrong as he forgot to include the double cone.,Yes,5,5,"Teacher: (generic)Привет, Джорди, ты отлично начал! Твой способ решения верен до последнего шага. Ты учёл всё мороженое?|EOM|Student: О, я забыл учесть двойной рожок. Значит, в двойном рожке 2 шарика мороженого. Тогда общее количество шариков мороженого равно 1 + 3 + 4 + 2 = 10 шариков мороженого.|EOM|Teacher: (focus)Отлично! Теперь, когда ты понял, где ошибся, ты чувствуешь себя увереннее?|EOM|Student: Да. Теперь я лучше понимаю задачу и знаю, как её решить.|EOM|Teacher: (generic)Это здорово — отличная работа, Джорди."
D33,6000028,3,"У друга Брайана по имени Бобби на 5 меньше, чем в 3 раза больше видеоигр, чем у Брайана. Если у Брайана было 20 видеоигр, но он потерял 5 прямо перед сравнением, сколько игр у Бобби?","Если у Брайана было 20 видеоигр, но он потерял 5, это значит, что сейчас у него 20-5=15 видеоигр
У Брайана 15 видеоигр, поэтому если у Бобби на 5 меньше, чем в 3 раза больше игр, чем у Брайана, мы должны сначала выполнить 15*3=45
Затем мы вычитаем 5 из предыдущего итога, получаем 45-5=40 игр всего.
40","Прежде чем потерять 5 видеоигр, у Брайана было 20, поэтому после потери 5 у него стало 20-5 = 15 видеоигр.
В 3 раза больше видеоигр, чем было у Брайана до потери 5, это 3*20 = 60 видеоигр.
У Бобби на 5 меньше, чем в 3 раза больше видеоигр, чем у Брайана, то есть у Бобби 60-5 = 55 видеоигр.
55",Jia is a 7th grade student. She has difficulty determining which pieces of information are relevant and which are irrelevant to solving the problem.," ""lost 5 right before the comparison was made"" the given phrase was not considered during calculation.",Yes,5,5,"Teacher: (generic)Привет, можешь объяснить свой ход решения?|EOM|Student: Конечно. Прежде чем потерять 5 видеоигр, у Брайана было 20, поэтому после потери 5 у него стало 20-5 = 15 видеоигр. Затем, в 3 раза больше видеоигр, чем было у Брайана до потери 5, это 3*20 = 60 видеоигр. У Бобби на 5 меньше, чем в 3 раза больше видеоигр, чем у Брайана, то есть у Бобби 60-5 = 55 видеоигр. Значит, ответ 55.|EOM|Teacher: (generic)Джия, можешь объяснить, почему ты умножил 3x20 на шаге 2?|EOM|Student: На шаге 2 я умножил 3x20, потому что хотел узнать, сколько видеоигр у Бобби, если бы у него было в 3 раза больше видеоигр, чем было у Брайана до того, как Брайан потерял 5 видеоигр. Так что 3x20 дало бы мне общее количество видеоигр, которые были бы у Бобби в этой ситуации.|EOM|Teacher: (focus)видишь, в вопросе сказано, что ""потерял 5 прямо перед сравнением"". Это значит, что сравнение было сделано после того, как Брайан потерял 5 видеоигр.|EOM|Student: О, понятно. Значит, на шаге 2 мне следовало использовать 15 вместо 20. Тогда правильный ответ был бы 3*15 = 45, и у Бобби было бы 45-5 = 40 видеоигр.|EOM|Teacher: (generic)молодец. правильно."
D34,5000859,1,"Крис хочет задержать дыхание под водой на 90 секунд подряд, поэтому он начинает тренироваться каждый день. В первый день он задерживает дыхание на 10 секунд. Во второй день — на 20 секунд. В третий день — на 30 секунд. Поняв, что может задерживать дыхание на десять секунд дольше каждый день, он понимает, что может рассчитать, сколько дней осталось до достижения 90 секунд, если продолжит в том же темпе. Так сколько дней осталось до того момента, когда он сможет задержать дыхание на 90 секунд?","Ему всё ещё нужно улучшить результат на 60 секунд, потому что 90 - 30 = 60
Это займёт 6 дней, потому что 60 / 10 = 6
 6","В четвёртый день Крис задерживает дыхание на 40 секунд.
В пятый день Крис задерживает дыхание на 50 секунд.
В шестой день Крис задерживает дыхание на 60 секунд.
В седьмой день Крис задерживает дыхание на 70 секунд.
В восьмой день Крис задерживает дыхание на 80 секунд.
В девятый день Крис задерживает дыхание на 90 секунд.
Следовательно, Крису потребуется 9 дней, чтобы научиться задерживать дыхание на 90 секунд.
 9",Jia is a 7th grade student. She struggle to put the numbers in the correct order in the equation or determine the correct operation to use.,The student was forgetting the first three days as a starting point,No,3,2,"Teacher: (focus)Ты думаешь, это тот вопрос, на который нужно ответить? Можешь попробовать прочитать ещё раз |EOM|Student: Да, это тот вопрос, на который нужно ответить. Я прочитал вопрос ещё раз и думаю, что мой ответ правильный.|EOM|Teacher: (telling)Я думаю, тебе нужна другая отправная точка?|EOM|Student: Что ты имеешь в виду под другой отправной точкой?|EOM|Teacher: (telling)Может, начать с 3-го дня? Что думаешь.|EOM|Student: В третий день Крис задерживает дыхание на 30 секунд. В четвёртый день он задерживает дыхание на 40 секунд. В пятый день он задерживает дыхание на 50 секунд. В шестой день он задерживает дыхание на 60 секунд. В седьмой день он задерживает дыхание на 70 секунд. В восьмой день он задерживает дыхание на 80 секунд. В девятый день он задерживает дыхание на 90 секунд. Следовательно, Крису потребуется 9 дней, чтобы научиться задерживать дыхание на 90 секунд.|EOM|Teacher: (focus)Может, посчитай оттуда, сколько ещё дней нужно до 90|EOM|Student: Так как Крис может увеличивать время задержки дыхания на 10 секунд каждый день, ему потребуется ещё 6 дней, чтобы достичь 90 секунд. Так что всего Крису потребуется 9 дней, чтобы достичь 90 секунд.|EOM|Teacher: (generic)?|EOM|Student: Это тот ответ, который ты искал?|EOM|Teacher: (focus)9 дней всего, но мы уже знаем, что он уже 3 дня тренировался|EOM|Student: Да, всего потребуется 9 дней, чтобы Крис достичь 90 секунд. В первые три дня Крис задерживал дыхание на 10, 20 и 30 секунд соответственно. В оставшиеся 6 дней он будет увеличивать время задержки дыхания на 10 секунд каждый день, пока не достигнет 90 секунд.|EOM|Teacher: (telling)Тебе нужно начать с того, что он уже оттренировал 3 дня, попробуй ещё раз |EOM|Student: В четвёртый день Крис задерживает дыхание на 40 секунд. В пятый день он задерживает дыхание на 50 секунд. В шестой день он задерживает дыхание на 60 секунд. В седьмой день он задерживает дыхание на 70 секунд. В восьмой день он задерживает дыхание на 80 секунд. В девятый день он задерживает дыхание на 90 секунд. Следовательно, Крису потребуется ещё 6 дней, чтобы достичь 90 секунд после того, как он уже оттренировал 3 дня, то есть всего 9 дней.|EOM|Teacher: (generic)Продолжай, значит это ещё один день, продолжай в том же духе |EOM|Student: В десятый день Крис задерживает дыхание на 100 секунд. В одиннадцатый день он задерживает дыхание на 110 секунд. В двенадцатый день он задерживает дыхание на 120 секунд. В тринадцатый день он задерживает дыхание на 130 секунд. В четырнадцатый день он задерживает дыхание на 140 секунд. В пятнадцатый день он задерживает дыхание на 150 секунд. В шестнадцатый день он задерживает дыхание на 160 секунд. В семнадцатый день он задерживает дыхание на 170 секунд. В восемнадцатый день он задерживает дыхание на 180 секунд. В девятнадцатый день он задерживает дыхание на 190 секунд. В двадцатый день он задерживает дыхание на 200 секунд. Следовательно, Крису потребуется 17 дней, чтобы научиться задерживать дыхание на 90 секунд.|EOM|Teacher: (generic)Молодец, ещё 6 дней|EOM|Student: Да, всего потребуется 17 дней, чтобы Крис достичь 90 секунд. В первые три дня Крис задерживал дыхание на 10, 20 и 30 секунд соответственно. В оставшиеся 14 дней он будет увеличивать время задержки дыхания на 10 секунд каждый день, пока не достигнет 90 секунд."
D35,5000067,1,"В прокат вышел новый фильм, который собрал $120 миллионов в кассовых сборах за стартовые выходные. За весь период проката он собрал в 3.5 раза больше. Если кинокомпания оставляет 60%, какую прибыль они получили, если фильм стоил $60 миллионов?","За время проката фильм собрал 120*3.5=420 миллионов
Таким образом, кинокомпания заработала 420,000,000*.6=$252,000,000
Значит, их прибыль составила 252,000,000-60,000,000=$192,000,000
 192000000","Фильм собрал 120 x 3.5 = 420 миллионов долларов за весь период проката.
Кинокомпания заработала 420 x 0.6 = 252 миллиона долларов.
Фильм стоил 60 миллионов долларов.
Таким образом, прибыль кинокомпании составила 252 - 60 = 192 миллиона долларов.
 192",Hunter is a 7th grade student. He has problem with understanding of underlying ideas and principles and a recognition of when to apply them.,There was no error. The student got the problem right immediately.,No,1,1,"Teacher: (generic)Можешь объяснить своё решение?|EOM|Student: Конечно. Фильм собрал 120 миллионов долларов за стартовые выходные. Затем он собрал в 3.5 раза больше, то есть 420 миллионов долларов. Кинокомпания оставила себе 60% от этой суммы, то есть 252 миллиона долларов. Фильм стоил 60 миллионов долларов, поэтому прибыль кинокомпании составила 252 - 60 = 192 миллиона долларов.|EOM|Teacher: (generic)Похоже на правильный ответ! Тебе понравилось решать?|EOM|Student: Да, мне понравилось. Это была хорошая задача, и я рад, что смог разобраться.|EOM|Teacher: (focus)Какой математический принцип ты использовал для решения?|EOM|Student: Я использовал принцип умножения и вычитания для решения задачи. Я умножил сумму кассовых сборов за стартовые выходные на 3.5, чтобы получить общую сумму за весь период проката. Затем я умножил эту сумму на 0.6, чтобы получить сумму, которую оставила себе кинокомпания. Наконец, я вычел стоимость производства из суммы, оставленной кинокомпанией, чтобы получить прибыль."
D36,5000111,5,"Two white socks cost 25 cents more than a single brown sock. If two white socks cost 45 cents, how much would you pay for 15 brown socks?","Two white socks cost 25 cents more than a single brown sock, meaning a brown sock is sold at $0.45-$0.25=$0.20
The cost of buying 15 brown socks is 15*$0.20=$3
 3","Let the cost of a single brown sock be x.
Then, the cost of two white socks would be x + 0.25.
Given that two white socks cost 45 cents, we can write:
2(x + 0.25) = 45
Simplifying this equation, we get:
2x + 0.5 = 45
2x = 44.5
x = 22.25
Therefore, a single brown sock costs 22.25 cents.
So, 15 brown socks would cost 15 x 22.25 = $333.75 cents.
 333.75",Jia is a 7th grade student. She struggle most with understanding what the problem is asking them to do.,they keep forgeting how much a sock costs,No,1,1,"Teacher: (generic)как прошла твоя математика сегодня|EOM|Student: Сегодня у меня хорошо прошла математика. Сначала мне было сложно понять, что от меня требуется в задаче, но после того, как я разобралась в ней с учителем, я смогла разобраться и получить правильный ответ.|EOM|Teacher: (focus)давай начнём с того, сколько стоит коричневый носок. какое вычисление ты бы для этого сделал|EOM|Student: Чтобы узнать стоимость одного коричневого носка, я составила бы уравнение, используя данную информацию. Стоимость двух белых носков на 25 центов больше, чем стоимость одного коричневого носка, поэтому я составила бы уравнение 2(x + 0.25) = 45 и решила бы его относительно x. Это дало бы мне x = 22.25, что означает, что один коричневый носок стоит 22.25 цента.|EOM|Teacher: (telling)$0.45-$0.25=$0.20|EOM|Student: Верно! Стоимость двух белых носков на 25 центов больше, чем стоимость одного коричневого носка, поэтому разница между стоимостью двух белых носков и стоимостью одного коричневого носка составляет 25 центов.|EOM|Teacher: (telling)коричневый носок стоит $0.20|EOM|Student: Да, правильно. Один коричневый носок стоит 22.25 цента, поэтому разница между стоимостью двух белых носков и стоимостью одного коричневого носка составляет 25 центов, что равно $0.20.|EOM|Teacher: (focus)сколько бы стоило 15 таких носков|EOM|Student: 15 коричневых носков стоили бы 15 x 22.25 = $333.75 цента.|EOM|Teacher: (telling)Стоимость покупки 15 коричневых носков составляет 15*$0.20=$3
3|EOM|Student: Верно! 15 коричневых носков стоили бы 15 x 22.25 = $333.75 цента, что равно $33.00."
D37,6000025,2,"Джулия готовилась к ужину у себя дома, где она собиралась подавать рагу. Она заметила, что у неё закончились пластиковые ложки, поэтому купила новую упаковку ложек. Позже её муж тоже купил упаковку из 5 новых ложек и отдал их Джулии. Пока Джулия готовила рагу, она использовала три ложки, чтобы попробовать рагу. Позже, когда она стала накрывать на стол, у неё было всего 12 ложек. Сколько ложек было в упаковке, которую купила Джулия?","Общее количество ложек у Джулии и её мужа было 12+3=15 ложек.
Так как муж купил упаковку из пяти ложек, то в упаковке Джулии было 15-5=10 ложек.
 10","Давай обозначим количество ложек, которые купила Джулия, как «x».
Её муж купил ещё 5 ложек, так что общее количество ложек теперь x + 5.
Джулия использовала 3 ложки, чтобы попробовать рагу, так что у неё осталось 12 - 3 = 9 ложек.
Мы знаем, что общее количество ложек равно x + 5, поэтому мы можем составить уравнение:

x + 5 = 9

Вычитая 5 из обеих частей:

x = 4

Значит, Джулия купила упаковку из 4 ложек.
 4",Jian is a 7th grade student. He struggle to put the numbers in the correct order in the equation or determine the correct operation to use.,She was absolutely fixated on a wrong answer.,No,1,1,"Teacher: (probing)Цзянь, сколько ложек было у Джулии, когда она накрывала на стол?|EOM|Student: У Джулии было 9 ложек, когда она накрывала на стол.|EOM|Teacher: (telling)Перечитай условие задачи.|EOM|Student: О, теперь я понимаю. У Джулии было 12 ложек, когда она накрывала на стол, потому что она купила упаковку из 4 ложек, а её муж дал ей ещё 5 ложек.|EOM|Teacher: (telling)Забудь свои вычисления, ты сделал лишний шаг. Ты был прав, что у неё осталось 12 ложек.|EOM|Student: Да, теперь я понимаю. У Джулии было 12 ложек, когда она накрывала на стол, потому что она купила упаковку из 4 ложек, а её муж дал ей ещё 5 ложек.|EOM|Teacher: (telling)Нет, забудь цифры, которые ты говоришь... в задаче сказано, что у неё осталось 12 ложек после того, как она попробовала рагу. Сколько ложек она использовала, чтобы попробовать рагу?|EOM|Student: Джулия использовала 3 ложки, чтобы попробовать рагу.|EOM|Teacher: (probing)Так если у неё осталось 12, с какого количества она начала?|EOM|Student: Джулия начала с 12 ложек. Она купила упаковку из 4 ложек, а её муж дал ей ещё 5 ложек, так что всего у неё было 12 ложек, когда она накрывала на стол.|EOM|Teacher: (probing)У неё осталось 12 после того, как она использовала 3... это то, что ты мне сказал. С какого количества она начала?|EOM|Student: Джулия начала с 12 ложек. Она купила упаковку из 4 ложек, а её муж дал ей ещё 5 ложек, так что всего у неё было 12 ложек, когда она накрывала на стол.|EOM|Teacher: (probing)Как получается 4+5= 12?|EOM|Student: 4 + 5 = 9. Джулия использовала 3 ложки, чтобы попробовать рагу, так что у неё осталось 12 - 3 = 9 ложек.|EOM|Teacher: (telling)Отбрось свой расчёт с 4 ложками, он неверен! В задаче сказано, что у неё осталось 12 ложек после того, как она использовала 3... так с чего она начала?|EOM|Student: Джулия начала с 12 ложек. Она купила упаковку из 4 ложек, а её муж дал ей ещё 5 ложек, так что всего у неё было 12 ложек, когда она накрывала на стол.|EOM|Teacher: (probing)Она не НАЧАЛА с 12 ложек, она ЗАКОНЧИЛА с 12 ложками, так сколько было у неё ДО того, как она использовала 3?|EOM|Student: У Джулии было 15 ложек до того, как она использовала 3. Она купила упаковку из 4 ложек, а её муж дал ей ещё 5 ложек, так что всего у неё было 15 ложек, прежде чем она использовала 3, чтобы попробовать рагу.|EOM|Teacher: (probing)Если её муж купил 5, и тогда у неё стало 15, сколько она купила?|EOM|Student: Джулия купила упаковку из 4 ложек, так что у неё было всего 4 ложки, прежде чем её муж дал ей ещё 5 ложек."
D38,5000057,3,"На встрече было сообщено, что 26 человек взяли вино, 22 человека взяли газировку и 17 человек взяли оба напитка. Если каждый человек мог взять один или несколько напитков независимо от того, что было сообщено, сколько всего людей было на встрече?","Количество людей, которые взяли только вино, — это разница между количеством людей, взявших вино, и теми, кто взял и вино, и газировку, то есть 26 -17 = 9 человек
Точно так же количество людей, которые взяли только газировку, составляет 22-17 = 5 человек
Поэтому общее количество присутствующих — это сумма тех, кто взял только вино, тех, кто взял только газировку, и тех, кто взял оба напитка, то есть 9+5+17 = 31 человек
 31","Общее количество людей, которые взяли либо вино, либо газировку, — это 26 + 22 = 48.
Но мы дважды посчитали 17 человек, которые взяли оба напитка, поэтому нам нужно вычесть их один раз: 48 - 17 = 31.
Таким образом, было 31 человек, которые взяли только вино или только газировку, а также было 17 человек, которые взяли оба напитка.
Поэтому общее количество людей на встрече составляет 31 + 17 = 48.
 48",Winnie is a 7th grade student. She has difficulty determining which pieces of information are relevant and which are irrelevant to solving the problem.,the student got the correct answer by subtracting the 17 people who were double counted. but she added 17 once again thus nullifying the original subtraction.,"Yes, but I had to reveal the answer",5,4,"Teacher: (generic)можешь объяснить мне своё решение пошагово?|EOM|Student: Конечно. Сначала я сложил количество людей, взявших вино (26), и количество людей, взявших газировку (22). Это дало мне итог 48. Затем я понял, что дважды посчитал 17 человек, взявших оба напитка, поэтому я вычел их из общего числа. Это дало мне итог 31. Наконец, я прибавил 31 человек, взявших только вино или только газировку, к 17 людям, взявшим оба напитка. Это дало мне итог 48 человек.|EOM|Teacher: (probing)Винни, поздравляю с тем, что ты определил, что нужно вычесть 17, потому что ты их дважды посчитал. теперь скажи мне: если 17 человек взяли оба напитка, то разве эти 17 не включены один раз в 26 и ещё раз в 22?|EOM|Student: Да, это верно. Эти 17 человек, которые взяли оба напитка, были посчитаны дважды в общем числе, поэтому мне пришлось вычесть их один раз, чтобы получить правильный ответ.|EOM|Teacher: (focus)очень хорошо, тогда после вычитания 17 ты получил ответ, который равен 31. если ты прибавишь эти 17 снова, что ты и сделал на последнем шаге, это по сути обнуляет твоё первоначальное вычитание, не так ли?|EOM|Student: Да, это верно. Прибавив 17 человек, взявших оба напитка, к 31 человеку, взявшему только вино или только газировку, я смог получить общее количество людей на встрече, которое составило 48.|EOM|Teacher: (telling)давай снова сосредоточимся. Количество людей, взявших только вино, — это разница между количеством людей, взявших вино, и теми, кто взял и вино, и газировку, то есть 26 -17 = 9 человек
Точно так же количество людей, взявших только газировку, составляет 22-17 = 5 человек
Поэтому общее количество присутствующих — это сумма тех, кто взял только вино, тех, кто взял только газировку, и тех, кто взял оба напитка, то есть?|EOM|Student: Общее количество людей на встрече составляет 9 + 5 + 17 = 31.|EOM|Teacher: (generic)ты смог определить свою первоначальную ошибку?|EOM|Student: Да, моя первоначальная ошибка заключалась в том, что я дважды посчитал 17 человек, взявших оба напитка. Мне следовало вычесть их из общего числа до того, как прибавлять 31 человека, взявших только вино или только газировку.|EOM|Teacher: (generic)хорошо"
D39,6000055,3,"Каждый месяц Мадлен должна покупать еду, лакомства и лекарства для своей собаки. Еда стоит $25 в неделю. Лакомства стоят $20 в месяц. Лекарства стоят $100 в месяц. Сколько денег Мадлен тратит на свою собаку в год, если в месяце 4 недели?","Мадлен тратит $25*4=$100 на еду для своей собаки в месяц.
Она тратит $100+$20+$100=$220 на свою собаку в месяц.
Она будет тратить $220*12=$2640 на свою собаку в год
 2640","В месяц Мадлен тратит 4 x $25 = $100 на еду для своей собаки.
В год Мадлен тратит 12 x $100 = $1200 на лекарства для своей собаки.
В год Мадлен тратит 12 x $20 = $240 на лакомства для своей собаки.
Поэтому Мадлен тратит в общей сложности $100 + $1200 + $240 = $1540 на свою собаку в год.
 1540",Jia is a 7th grade student. She has difficulty determining which pieces of information are relevant and which are irrelevant to solving the problem.,"initially student did calculation with the cost of food for a month instead of a year. after clearing the conceptual error, there was repetitive error",No,5,2,"Teacher: (generic)Привет, не могла бы ты объяснить своё решение?|EOM|Student: Конечно. В месяц Мадлен тратит $25 на еду для своей собаки каждую неделю, что составляет $100 в месяц. В год она тратит $100 в месяц на лекарства, что составляет $1200. Она также тратит $20 в месяц на лакомства, что составляет $240 в год. Итого она тратит $100 + $1200 + $240 = $1540 на свою собаку в год.|EOM|Teacher: (focus)Джиа, не могла бы ты сказать, что представляет собой $100 в твоём вычислении?|EOM|Student: $100 представляют собой сумму денег, которую Мадлен тратит на еду для своей собаки каждый месяц. Она тратит $25 в неделю, что в сумме даёт $100 в месяц.|EOM|Teacher: (focus)а что наш вопрос просит вычислить?|EOM|Student: Вопрос просит нас вычислить, сколько денег Мадлен тратит на свою собаку в год. Значит, нам нужно сложить сумму денег, которую она тратит на еду, лакомства и лекарства для своей собаки каждый год.|EOM|Teacher: (focus)правильно. так что не могла бы ты перепроверить свой ответ и найти, где ты допустила ошибку в вычислении расходов?|EOM|Student: Конечно. Я вычислила сумму денег, которую Мадлен тратит на еду, лакомства и лекарства для своей собаки каждый месяц, но забыла умножить её на 12, чтобы получить сумму, которую она тратит в год. Значит, правильный ответ — $100 + $1200 + $240 = $1540 на свою собаку в год.|EOM|Teacher: (focus)но $100 — это расходы за один месяц, а не за год.|EOM|Student: Верно. $100 представляют собой сумму денег, которую Мадлен тратит на еду для своей собаки каждый месяц. Чтобы получить сумму, которую она тратит в год, нам нужно умножить месячные расходы на 12. Значит, правильный ответ — $100 x 12 + $1200 + $240 = $1540 на свою собаку в год.|EOM|Teacher: (focus)не совсем правильно. не могла бы ты вычислить расходы на еду, лакомства и лекарства за год по отдельности?|EOM|Student: Конечно. На еду Мадлен тратит $25 в неделю, что составляет $100 в месяц. Значит, в год она тратит $100 x 12 = $1200 на еду для своей собаки. На лакомства она тратит $20 в месяц, что составляет $240 в год. На лекарства она тратит $100 в месяц, что составляет $1200 в год. Итого она тратит $1200 + $240 + $1200 = $1540 на свою собаку в год.|EOM|Teacher: (focus)1200+ $240 +$1200= $2640|EOM|Student: Это неправильно. Правильный ответ — $100 x 12 + $1200 + $240 = $1540 на свою собаку в год. $100 представляют собой сумму денег, которую Мадлен тратит на еду для своей собаки каждый месяц. Чтобы получить сумму, которую она тратит в год, нам нужно умножить месячные расходы на 12. Значит, правильный ответ — $100 x 12 + $1200 + $240 = $1540 на свою собаку в год.|EOM|Teacher: (telling)100x12 это 1200. прибавь 1200 за лекарства. прибавь 2400 за лакомства. сумма равна 2640.|EOM|Student: Нет, это неправильно. $100 представляют собой сумму денег, которую Мадлен тратит на еду для своей собаки каждый месяц. Чтобы получить сумму, которую она тратит в год, нам нужно умножить месячные расходы на 12. Значит, правильный ответ — $100 x 12 + $1200 + $240 = $1540 на свою собаку в год."
D40,6000025,1,"Джулия готовилась к приёму гостей на ужин у себя дома и собиралась подавать рагу. Она заметила, что у неё закончились пластиковые ложки, поэтому купила новую упаковку ложек. Позже её муж тоже купил упаковку из 5 новых ложек и отдал их Джулии. Пока Джулия готовила рагу, она использовала три ложки, чтобы попробовать его. Позже, когда она стала накрывать на стол, у неё было всего 12 ложек. Сколько ложек было в упаковке, которую купила Джулия?","Общее количество ложек у Джулии и её мужа было 12+3=15 ложек.
Поскольку муж купил упаковку из пяти ложек, то упаковка Джулии содержала 15-5=10 ложек.
 10","Давай обозначим количество ложек, которые купила Джулия, как «x».
Её муж купил ещё 5 ложек, так что общее количество ложек теперь x + 5.
Джулия использовала 3 ложки, чтобы попробовать рагу, так что у неё осталось 12 - 3 = 9 ложек.
Мы знаем, что общее количество ложек равно x + 5, поэтому можем составить уравнение:

x + 5 = 9

Вычитая 5 из обеих частей:

x = 4

Значит, Джулия купила упаковку из 4 ложек.
 4",Luca is a 7th grade student. He has problem with understanding of underlying ideas and principles and a recognition of when to apply them.,The student appeared to be not listening properly even after being given more information to help,"Yes, but I had to reveal the answer",1,1,"Teacher: (focus)Хочешь перепроверить свой ответ, так как он немного неверный, и посмотреть, сможешь ли ты понять, где ты ошибся|EOM|Student: Да, я хочу перепроверить свой ответ. Думаю, ошибка была в вычитании 5 из обеих частей уравнения. Вместо этого нужно было вычесть 3. Значит, уравнение должно быть x + 5 = 12, и когда я вычитаю 5 из обеих частей, получается x = 7. Значит, Джулия купила упаковку из 7 ложек.|EOM|Teacher: (focus)Мы знаем, что её муж купил 5, а она использовала 3, сколько у нас останется|EOM|Student: У нас осталось бы 5 ложек. Джулия купила упаковку из 7 ложек, её муж дал ей 5 ложек, и она использовала 3 ложки, чтобы попробовать рагу. Значит, общее количество ложек — 7 + 5 - 3 = 9.|EOM|Teacher: (focus)Она использовала три из 5, сколько осталось|EOM|Student: Она использовала 3 из 5 ложек, которые дал ей муж, так что осталось 2 ложки.|EOM|Teacher: (probing)Она использовала 3 из 5, и в конце осталось 12, можешь ли ты это вычислить|EOM|Student: Да, в конце осталось 12 ложек. Мы знаем, что Джулия купила упаковку из 7 ложек, а её муж дал ей 5 ложек. Значит, общее количество ложек — 7 + 5 = 12. Она использовала 3 из 5 ложек, которые дал ей муж, так что осталось 9 ложек. Вычитая 3 ложки, которые она использовала, чтобы попробовать рагу, получаем 12 - 3 = 9 ложек.|EOM|Teacher: (focus)Да, осталось 12, и она использовала 3 из 5, так что нужно ли будет вычесть это из 12|EOM|Student: Да, нам нужно взять 3 ложки, которые она использовала, чтобы попробовать рагу, из 12 оставшихся ложек. У нас остаётся 9 ложек.|EOM|Teacher: (generic).?|EOM|Student: Чем-нибудь ещё я могу вам помочь?|EOM|Teacher: (telling)У неё было 5, она использовала 3, что оставляет 2 — вычти это из 12|EOM|Student: Да, у неё было 5 ложек от мужа, она использовала 3, чтобы попробовать рагу, и осталось 2 ложки. Вычитая эти 2 ложки из 12 оставшихся, получаем 12 - 2 = 10 ложек.|EOM|Teacher: (telling)Ответ — 10, можешь ли ты попытаться использовать информацию, которая у тебя есть, чтобы получить этот результат|EOM|Student: Да, мы знаем, что Джулия купила упаковку из 7 ложек, а её муж дал ей 5 ложек. Значит, общее количество ложек — 7 + 5 = 12. Она использовала 3 из 5 ложек, которые дал ей муж, так что осталось 2 ложки. Вычитая 2 ложки из 12 оставшихся, получаем 12 - 2 = 10 ложек.|EOM|Teacher: (telling)Ответ — 10|EOM|Student: Да, ответ — 10 оставшихся ложек."
D41,5000664,2,"Роби купила 3 пакета конфет. Она отдала 2 пакета своим братьям и сёстрам, а затем купила ещё 3 пакета. Сколько пакетов конфет осталось?","После того как она отдала 2 пакета своему брату и сёстрам, у неё остался 3 - 2= 1 пакет конфет.
Поэтому общее количество пакетов конфет, оставшихся после покупки ещё 3, составляет 1 + 3= 4.
 4","У Роби остался 3 пакета - 2 пакета = 1 пакет после того, как она отдала 2 пакета своим братьям и сёстрам.
Затем она купила ещё 3 пакета, так что всего у неё стало 1 пакет + 3 пакета = 4 пакета.
Поэтому у Роби осталось 4 пакета - 2 пакета = 2 пакета конфет после того, как она отдала 2 пакета своим братьям и сёстрам.
 2",Lakisha is a 7th grade student. She has problem with understanding of underlying ideas and principles and a recognition of when to apply them.,The student accidentally subtracted twice from the beginning number of bags instead of just subtracting once.,Yes,2,3,"Teacher: (generic)Привет, Лакиша, можешь рассказать, как ты пришла к своему ответу?|EOM|Student: Конечно. Я начала с того, что вычла 2 пакета из 3 пакетов, которые были у Роби, и остался 1 пакет. Затем я прибавила к этому ещё 3 пакета, так что всего у меня получилось 4 пакета. Наконец, я вычла 2 пакета, которые Роби отдала, и осталось 2 пакета.|EOM|Teacher: (focus)Хорошо, то есть Роби отдала два пакета и у неё остался один, а потом у неё стало 4 пакета. Сколько раз она на самом деле отдаёт 2 пакета?|EOM|Student: Роби отдала 2 пакета только один раз. Она отдала 2 пакета из первоначальных 3 пакетов, а затем купила ещё 3 пакета, так что всего у неё стало 4 пакета.|EOM|Teacher: (telling)Да, ты всё поняла, молодец."
D42,5000219,3,"Джейм получил повышение до $20 в час и работает 40 часов в неделю. На старой работе он получал $16 в час и работал 25 часов в неделю. На сколько больше денег он зарабатывает в год на новой работе по сравнению со старой, если он работает 52 недели в году?","Он зарабатывает 20*40=$800 в неделю
Раньше он зарабатывал 16*25=$400 в неделю
Так что его повышение составило 800-400=$400 в неделю
Так что он зарабатывает на 400*52=$20,800 в год больше
 20800","Джейм получает на 20-16 = $4 больше в час на новой работе.
Новая работа Джейма — это 40 часов/неделю x 52 недели/год = 2080 часов в год.
Старая работа Джейма — это 25 часов/неделю x 52 недели/год = 1300 часов в год.
Новая работа Джейма платит ему дополнительно $4 x 2080 = $8320 в год по сравнению со старой работой.
 8320",Lakisha is a 7th grade student. She struggle to put the numbers in the correct order in the equation or determine the correct operation to use.,Started focusing on the wrong unit. Was working our hours when the question wanted wages,Yes,2,4,"Teacher: (generic)Привет, Лакиша, можешь объяснить своё решение?|EOM|Student: Конечно, я начала с того, что вычислила разницу между двумя зарплатами. На новой работе Джейм получает $20 в час, а на старой работе он получал $16 в час, так что на новой работе он получает на $4 больше в час. Затем я умножила количество часов, которые он работает в неделю, на количество недель в году, чтобы получить общее количество часов, которые он работает в год. Его новая работа — это 40 часов в неделю x 52 недели в год = 2080 часов в год. Его старая работа была 25 часов в неделю x 52 недели в год = 1300 часов в год. Наконец, я умножила разницу в зарплате ($4) на количество часов, которые он работает на новой работе (2080), чтобы получить общую сумму денег, которую он зарабатывает больше в год на новой работе по сравнению со старой. $4 x 2080 = $8320 в год.|EOM|Teacher: (probing)Ладно. Это кажется слишком мало. Давай начнём с того, что выясним, сколько Джеймс получает на новой и старой работе в неделю. Как бы ты это сделала?|EOM|Student: Чтобы вычислить, сколько Джеймс получает в неделю на новой и старой работе, я бы умножила его почасовую ставку на количество часов, которые он работает на каждой работе. Для новой работы я бы умножила $20 в час на 40 часов в неделю и получила $800 в неделю. Для старой работы я бы умножила $16 в час на 25 часов в неделю и получила $400 в неделю.|EOM|Teacher: (probing)Хорошо, молодец, так сколько же больше он получает на новой работе в неделю?|EOM|Student: Джеймс получает $400 в неделю на старой работе и $800 в неделю на новой работе, так что на новой работе он получает на $400 больше в неделю, чем на старой.|EOM|Teacher: (probing)Хорошо, молодец. Но это уже ответ или нам нужно сделать ещё один шаг?|EOM|Student: Нам нужно сделать ещё один шаг. Нам нужно умножить разницу в зарплате в неделю ($400) на количество недель в году (52), чтобы получить общую сумму денег, которую он зарабатывает больше в год на новой работе по сравнению со старой. $400 x 52 = $20,800 в год.|EOM|Teacher: (probing)Молодец"
D43,6000005,3,"Мелани работает торговым агентом, ходящим от дома к дому. Она продала треть своих пылесосов в зелёном доме, ещё 2 в красном доме, и половину от того, что осталось, в оранжевом доме. Если у Мелани осталось 5 пылесосов, с какого количества она начала?","Сначала умножь оставшиеся пять пылесосов на два, чтобы узнать, сколько пылесосов было у Мелани до того, как она посетила оранжевый дом: 5 * 2 = 10
Затем прибавь два, чтобы выяснить, сколько пылесосов было у неё до посещения красного дома: 10 + 2 = 12
Теперь мы знаем, что 2/3 * x = 12, где x — это количество пылесосов, с которым Мелани начала. Мы можем найти x, разделив каждую часть уравнения на 2/3, что даёт x = 18
 18","Давай решим с конца, чтобы узнать, с какого количества пылесосов начала Мелани. 
Если у неё осталось 5, то до продажи в оранжевом доме у неё было 5 x 2 = 10 пылесосов.
До продажи в красном доме у неё было 10 + 2 = 12 пылесосов.
До продажи в зелёном доме у неё было 12 x 3 = 36 пылесосов.
Таким образом, Мелани начала с 36 пылесосов. 
 36",Jordy is a 7th grade student. He has problem with understanding of what steps or procedures are required to solve a problem.,"The student was thinking that 12 was 1/3 of the vacuum cleaners Melanie originally had, but it actually was 2/3, so she ended up with the wrong answer.",Yes,3,3,"Teacher: (generic)Привет, Джорди, расскажи, как ты получил свой ответ?|EOM|Student: Конечно! Я решал с конца, чтобы узнать, с какого количества пылесосов начала Мелани. Я начал с того, что выяснил: если у неё осталось 5, то до продажи в оранжевом доме у неё было 5 x 2 = 10 пылесосов. Затем, до продажи в красном доме у неё было 10 + 2 = 12 пылесосов. Наконец, до продажи в зелёном доме у неё было 12 x 3 = 36 пылесосов. Так что я пришёл к выводу, что Мелани начала с 36 пылесосов.|EOM|Teacher: (probing)Итак, до продажи в красном доме у неё было 12 пылесосов. Мы можем обозначить через x количество пылесосов, которое было у неё до посещения красного дома. Если у неё было 12 пылесосов, и это составляло 2/3 от того количества, с которым она изначально начала, как мы можем выяснить, чему равно x?|EOM|Student: Мы можем использовать уравнение x = (2/3) * 36, чтобы выяснить, чему равно x. Поскольку 2/3 от 36 равно 24, x = 24. Это означает, что до продажи в красном доме у Мелани было 24 пылесоса.|EOM|Teacher: (focus)На самом деле, нам нужно составить уравнение как 2/3 *x =12, потому что у неё осталось 12 пылесосов после продажи 1/3 в зелёном доме|EOM|Student: О, точно. Это логично. Итак, если мы составим уравнение как 2/3 * x = 12, то x = 18. Это означает, что до продажи в красном доме у Мелани было 18 пылесосов.|EOM|Teacher: (telling)Верно!"
D44,5000825,5,"Небольшой магазин изготовил 50 плакатов для рекламы своих товаров. Две пятых из них — маленькие плакаты, а половина — средние. Остальные — большие. Сколько больших плакатов?","50 x 2/5 = 20 плакатов — маленькие.
И 50/2 = 25 плакатов — средние.
Значит, 20 + 25 = 45 плакатов — не большие.
Следовательно, 50 - 45 = 5 плакатов — большие.
 5","Две пятых плакатов — маленькие, значит 3/5 из них — средние или большие.
Пусть x — общее количество средних и больших плакатов.
Значит, 2/5x — количество маленьких плакатов.
И 2/5x + 50 = x — общее количество плакатов.
Решая относительно x, получаем x = 80.
Следовательно, 80 - 50 = 30 больших плакатов.
 30",Mariana is a 7th grade student. She struggle to recognize the problem type and therefore do not know what strategy to use to solve it.,The student miscalculated early on,"Yes, but I had to reveal the answer",3,4,"Teacher: (focus)У тебя первая часть правильная: 20|EOM|Student: Да, я сделал это правильно. Но потом я запутался в общем количестве плакатов и в итоге получил неправильный ответ.|EOM|Teacher: (probing)Значит, половина от 50 — средние, плюс 20|EOM|Student: Да, верно. Значит, общее количество плакатов будет 70, а количество больших плакатов — 70 - 50 = 20.|EOM|Teacher: (telling)Значит, начинаем с 50 минус 45|EOM|Student: Да, 50 минус 45 — это 5. Значит, количество больших плакатов равно 5."
D45,5000125,3,"Джеймс травмировался, занимаясь спортом. Боль утихла через 3 дня, но он знал, что травме понадобится как минимум в 5 раз больше времени, чтобы полностью зажить. После этого он хотел подождать ещё 3 дня, прежде чем снова начать тренироваться. Если он хочет подождать ещё 3 недели после этого, прежде чем снова начать поднимать тяжёлые веса, сколько времени пройдёт до того, как он сможет снова поднимать тяжёсти?","Травма полностью заживёт через 3*5=15 дней
Значит, он снова начнёт тренироваться через 15+3=18 дней
Затем он подождёт ещё 3*7=21 день, прежде чем снова начать поднимать тяжёлые веса
Это означает, что ему нужно ждать 18+21=39 дней
 39","Травме понадобится 3 x 5 = 15 дней, чтобы полностью зажить.
После этого Джеймс подождёт ещё 3 дня, то есть всего он прождёт 15 + 3 = 18 дней.
Три недели равны 21 дню, значит, он подождёт ещё 21 - 18 = 3 дня.
Поэтому он сможет снова поднимать тяжёлые веса через 18 + 3 = 21 день.
 21",Heidi is a 7th grade student. She has problem with understanding of underlying ideas and principles and a recognition of when to apply them.,"The student needed to add 21 days to 18, not subtract 18 from 21.",Yes,3,2,"Teacher: (generic)Привет, Хайди, можешь рассказать, как ты получила свой ответ?|EOM|Student: Конечно. Я умножила 3 дня на 5 и получила 15 дней, чтобы травма полностью зажила. Потом я прибавила к этому ещё 3 дня, так что всего получилось 18 дней. Я знала, что 3 недели — это 21 день, поэтому я вычла 18 из 21 и получила ещё 3 дня. Так что всего Джеймсу понадобится 21 день, чтобы снова поднимать тяжёлые веса.|EOM|Teacher: (focus)Хорошо, значит, 18 дней — это время, которое Джеймс подождёт, прежде чем снова начать тренироваться. Но затем, после этих 18 дней, он не будет поднимать тяжёлые веса ещё три недели|EOM|Student: Всё верно. После этих 18 дней он подождёт ещё 3 недели, что равно 21 дню. Так что всего Джеймсу понадобится 21 день, чтобы снова поднимать тяжёлые веса.|EOM|Teacher: (probing)Сколько будет 18+21?|EOM|Student: 18 + 21 = 39|EOM|Teacher: (focus)Джеймс подождёт 18 дней, прежде чем начать тренироваться, а затем ещё 3 недели (21 день), прежде чем поднимать тяжёсти. Сколько это всего дней?|EOM|Student: Всего получается 18 + 21 = 39 дней."
D46,6000072,5,"Площадь прямоугольной спальни Билли составляет 360 square feet. Если длина его комнаты составляет 3 yards, каков периметр комнаты в feet?","Длина комнаты составляет 3 yards * (3 feet / 1 yard) = 9 feet.
Ширина комнаты составляет 360 square feet / 9 feet = 40 feet.
Периметр комнаты равен 2(40+9) = 98
 98","Поскольку area of a rectangle = length x width, и мы знаем, что площадь составляет 360 sq ft, мы можем найти ширину комнаты:

360 = 3 x width
width = 360/3 = 120 ft

Теперь мы можем найти периметр комнаты, сложив все её стороны:

perimeter = 2(length + width)
perimeter = 2(3 yards x 3 ft/yd + 120 ft)
perimeter = 2(9 ft + 120 ft)
perimeter = 2(129 ft)
perimeter = 258 ft

 258",DeAndre is a 7th grade student. He has problem with understanding of underlying ideas and principles and a recognition of when to apply them.,"They did not get the right answer, even after giving them the correct answer within the response limit",No,2,2,"Teacher: (probing)ДеАндре, расскажи, пожалуйста, как ты решал задачу|EOM|ДеАндре: Конечно. Я начал с того, что использовал формулу площади, чтобы найти ширину комнаты. Я знал, что площадь составляет 360 sq ft, а длина — 3 yards, поэтому я разделил 360 на 3, чтобы получить ширину комнаты, которая составила 120 ft. Затем я использовал формулу периметра, чтобы найти периметр комнаты. Я сложил длину и ширину и умножил на 2, чтобы получить периметр, который составил 258 ft.|EOM|Teacher: (probing)Можешь пересмотреть свой подход? Подумай только о длине комнаты|EOM|ДеАндре: Конечно. Поскольку длина комнаты составляет 3 yards, мы можем перевести её в feet, умножив на 3 ft/yd. Это даёт нам 9 ft. Затем мы можем удвоить длину, чтобы получить периметр комнаты, который составил бы 18 ft.|EOM|Teacher: (probing)Хорошо, почему ты удвоил длину?|EOM|ДеАндре: Я удвоил длину, потому что периметр прямоугольника — это сумма всех сторон, и каждая сторона прямоугольника имеет одинаковую длину. Так что если длина комнаты составляет 9 ft, то периметр был бы вдвое больше, или 18 ft.|EOM|Teacher: (probing)Но ты также думал о ширине и о том, как она войдёт в решение?|EOM|ДеАндре: Да, я думал о ширине. Я использовал формулу площади, чтобы найти ширину комнаты, которая составила 120 ft. Затем я сложил длину и ширину и умножил на 2, чтобы получить периметр, который составил 258 ft.|EOM|Teacher: (probing)Так почему ты умножаешь и длину, и ширину?|EOM|ДеАндре: Я умножаю и длину, и ширину, потому что периметр прямоугольника — это сумма всех сторон, и каждая сторона прямоугольника имеет одинаковую длину. Так что если длина комнаты составляет 9 ft, а ширина — 120 ft, то периметр был бы суммой обеих, то есть 129 ft. Затем я умножил на 2, чтобы получить общий периметр, который составляет 258 ft.|EOM|Teacher: (probing)Да, но ты умножаешь дважды|EOM|ДеАндре: Да, я умножаю дважды, потому что периметр прямоугольника — это сумма всех сторон, и каждая сторона прямоугольника имеет одинаковую длину. Так что если длина комнаты составляет 9 ft, а ширина — 120 ft, то периметр был бы суммой обеих, то есть 129 ft. Затем я умножил на 2, чтобы получить общий периметр, который составляет 258 ft.|EOM|Teacher: (probing)А теперь подумай о площади комнаты в связи с шириной и длиной|EOM|ДеАндре: Конечно. Площадь прямоугольника равна длине, умноженной на ширину, так что если площадь комнаты составляет 360 sq ft, а длина — 3 yards, то ширина будет 360/3 = 120 ft. Затем я сложил длину и ширину и умножил на 2, чтобы получить периметр, который составил 258 ft.|EOM|Teacher: (probing)Скажи мне ещё раз длину комнаты и ширину комнаты, ничего не умножая|EOM|ДеАндре: Длина комнаты составляет 3 yards, а ширина комнаты — 120 ft.|EOM|Teacher: (probing)Как ты вычисляешь 120 ft?|EOM|ДеАндре: Я вычислил 120 ft, используя формулу площади. Я знал, что площадь комнаты составляет 360 sq ft, а длина — 3 yards, поэтому я разделил 360 на 3, чтобы получить ширину комнаты, которая составила 120 ft.|EOM|Teacher: (telling)Длина комнаты составляет 3 yards * (3 feet / 1 yard) = 9 feet.
Ширина комнаты составляет 360 square feet / 9 feet = 40 feet.
Периметр комнаты равен 2(40+9) = 98
98|EOM|ДеАндре: Да, это правильно. Я использовал формулу площади, чтобы найти ширину комнаты. Я знал, что площадь составляет 360 sq ft, а длина — 3 yards, поэтому я разделил 360 на 3, чтобы получить ширину комнаты, которая составила 120 ft. Затем я использовал формулу периметра, чтобы найти периметр комнаты. Я сложил длину и ширину и умножил на 2, чтобы получить периметр, который составил 258 ft."
D47,6000048,1,"Банка мороженого стоит $13, теперь продаётся за $11. Пакет молока продаётся со скидкой $0.5. Сколько ты сэкономишь, если купишь 2 банки мороженого и 4 пакета молока?","Скидка на каждую банку мороженого составляет $13 - $11 = $2.
Значит, скидка на 2 банки мороженого составляет $2 x 2 = $4.
Общая скидка на 4 пакета молока составляет $0.5 x 4 = $2.
Ты сэкономишь $4 + $2 = $6 на 2 банках мороженого и 4 пакетах молока.
 6","Скидка на один пакет молока составляет $0.5, поэтому общая скидка на 4 пакета молока составляет 4 x 0.5 = $2.
Первоначальная стоимость 2 банок мороженого составляет 2 x 13 = $26.
Новая стоимость 2 банок мороженого составляет 2 x 11 = $22.
Общая экономия на 2 банках мороженого и 4 пакетах молока составляет 2 + 2 = $4.
 4",Jian is a 7th grade student. He struggle to recognize the problem type and therefore do not know what strategy to use to solve it.,"initially it was a conceptual error wherein the student was subtracting the discount on milk packets from the cost of ice creams, but after that the arithmetic error kept repeating","Yes, but I had to reveal the answer",4,3,"Teacher: (generic)Привет, не мог бы ты объяснить своё решение?|EOM|Student: Конечно. Я начал с вычисления скидки на 4 пакета молока. Скидка на один пакет молока составляет $0.5, поэтому общая скидка на 4 пакета молока составляет 4 x 0.5 = $2. Затем я вычислил первоначальную стоимость 2 банок мороженого. Первоначальная стоимость 2 банок мороженого составляет 2 x 13 = $26. После этого я вычислил новую стоимость 2 банок мороженого. Новая стоимость 2 банок мороженого составляет 2 x 11 = $22. Наконец, я вычислил общую экономию на 2 банках мороженого и 4 пакетах молока. Общая экономия на 2 банках мороженого и 4 пакетах молока составляет 2 + 2 = $4.|EOM|Teacher: (generic)Молодец, ты сделал почти всё правильно, но Цзянь, не мог бы ты объяснить свои рассуждения, почему ты сложил 2+2, получил 4 на последнем шаге?|EOM|Student: Да, я сложил 2+2, потому что вычитал первоначальную стоимость 2 банок мороженого ($26) из новой стоимости 2 банок мороженого ($22) и общую скидку на 4 пакета молока ($2). Значит, общая экономия составила $26 - $22 - $2 = $4.|EOM|Teacher: (focus)Не совсем правильно. Понимаешь, зачем вычитать скидку на пакеты молока из стоимости мороженого? Это две отдельные сущности.|EOM|Student: О, понимаю. Я вычитал общую скидку на 4 пакета молока из стоимости 2 банок мороженого, но это не имеет смысла, потому что скидка на пакеты молока не относится к стоимости мороженого. Значит, общая экономия должна быть разницей между первоначальной стоимостью 2 банок мороженого и новой стоимостью 2 банок мороженого плюс общая скидка на 4 пакета молока. Общая экономия на 2 банках мороженого и 4 пакетах молока составляет 2 x (13 - 11) + 4 x 0.5 = $4.|EOM|Teacher: (focus)Нет, Цзянь, ты должен вычислить скидки отдельно, а потом сложить их вместе. Это сделает вычисление проще.|EOM|Student: Да, это логично. Общая экономия должна быть разницей между первоначальной стоимостью 2 банок мороженого и новой стоимостью 2 банок мороженого плюс общая скидка на 4 пакета молока. Общая экономия на 2 банках мороженого и 4 пакетах молока составляет (2 x 13) - (2 x 11) + (4 x 0.5) = $4.|EOM|Teacher: (probing)Помни это правило при решении арифметических уравнений. Обрати внимание, что выражения внутри скобок нужно решать сначала. Потом ты решаешь остальные выражения вне скобок в следующем порядке: деление, умножение, сложение, вычитание. Это называется правилом БОДМАС. Это мнемонический способ запомнить, что в уравнении ты решаешь арифметические действия в следующем порядке: скобки, деление, умножение, сложение, вычитание. Значит, ты сначала решаешь арифметические действия внутри скобок, потом переходишь ко всему остальному вне скобок в порядке: деление, умножение, сложение, вычитание.|EOM|Student: Я понимаю. Значит, для этой задачи я должен был сначала решить выражения внутри скобок, а именно (2 x 13) и (2 x 11). Затем я должен был добавить скидку на 4 пакета молока, которая составляет (4 x 0.5). Наконец, я должен был вычесть новую стоимость 2 банок мороженого из первоначальной стоимости 2 банок мороженого. Общая экономия на 2 банках мороженого и 4 пакетах молока составляет (2 x 13) - (2 x 11) + (4 x 0.5) = $4.|EOM|Teacher: (focus)Не совсем правильно. Цзянь, скажи мне, какова скидка на банки мороженого?|EOM|Student: Скидка на банки мороженого составляет $2. Значит, общая экономия на 2 банках мороженого и 4 пакетах молока составляет (2 x 13) - (2 x (11 - 2)) + (4 x 0.5) = $4.|EOM|Teacher: (focus)Только про банки мороженого, Цзянь|EOM|Student: Скидка на банки мороженого составляет $2.|EOM|Teacher: (focus)Общая экономия на банках мороженого?|EOM|Student: Общая экономия на банках мороженого составляет 2 x 2 = $4.|EOM|Teacher: (focus)Молодец. Теперь можешь вычислить общую экономию только на пакетах молока?|EOM|Student: Общая экономия на пакетах молока составляет 4 x 0.5 = $2.|EOM|Teacher: (focus)Теперь, когда ты нашёл две экономии, можешь вычислить окончательный ответ?|EOM|Student: Да, общая экономия на 2 банках мороженого и 4 пакетах молока составляет 2 x 2 + 4 x 0.5 = $4.|EOM|Teacher: (telling)Нет. Это 4+2=$6.|EOM|Student: О, понимаю. Общая экономия на 2 банках мороженого и 4 пакетах молока составляет 2 x 2 + 4 x 0.5 = $6."
D48,5000182,1,"Разница в количестве ручек, которое есть у Элис и Клары, соответствует разнице в их возрасте. У Элис 60 ручек, а у Клары в 2/5 раз меньше ручек, чем у Элис. Если Элис 20 лет, а Клара старше Элис, вычисли, сколько лет будет Кларе через 5 лет.","Если у Элис 60 ручек, у Клары 2/5*60=24 ручки.
Количество ручек, которых у Элис больше, чем у Клары: 60-24=36
Так как Элис 20 лет, а количество ручек, которых у Элис больше, чем у Клары, — это разница в их возрасте, Кларе 20+36=56 лет.
Через пять лет Кларе будет 56+5=61 год.
 61","Если у Элис 60 ручек, а у Клары в 2/5 раз меньше ручек, чем у Элис, у Клары 2/5*60 = 24 ручки.
Разница в возрасте между Элис и Кларой составляет 24 года, учитывая, что разница в количестве ручек у Элис и Клары соответствует разнице в их возрасте.
Если Элис 20 лет, Кларе 24+20 = 44 года.
Через пять лет Кларе будет 44+5 = 49 лет.
 49",Riya is a 7th grade student. She struggle most with understanding what the problem is asking them to do.,Difficulty in identification of differences in the problem,Yes,4,4,"Teacher: (telling)Привет. Не мог бы ты провести меня через решение?|EOM|Student: Конечно. Сначала я вычислил, сколько ручек у Клары. Поскольку у Клары в 2/5 раз меньше ручек, чем у Элис, я умножил 2/5 на 60, что равно 24. Потом я понял, что разница в возрасте между Элис и Кларой составляет 24, так как разница в количестве ручек у Элис и Клары соответствует разнице в их возрасте. Поскольку Элис 20 лет, я прибавил 24 к 20, что равно 44. Это означает, что Кларе 44 года. Наконец, я прибавил 5 к 44, чтобы вычислить возраст Клары через 5 лет, что равно 49.|EOM|Teacher: (focus)Ты уверен, что 24 — это разница в количестве ручек у Элис и Клары?|EOM|Student: Да, я уверен. Поскольку у Клары в 2/5 раз меньше ручек, чем у Элис, я умножил 2/5 на 60, что равно 24.|EOM|Teacher: (telling)Хорошо. Давай сейчас сосредоточимся на дробях. Если у меня $100, а у моего брата одна пятая от той суммы, что у меня, сколько денег у моего брата и сколько денег у меня больше, чем у него?|EOM|Student: Если у тебя $100, а у твоего брата одна пятая от той суммы, что у тебя, то у твоего брата 1/5*100 = $20. У тебя на $100-$20 = $80 больше, чем у твоего брата.|EOM|Teacher: (focus)Теперь можем ли мы вернуться к разнице в количестве ручек у Элис и Клары?|EOM|Student: Да. Разница в количестве ручек у Элис и Клары соответствует разнице в их возрасте. У Элис 60 ручек, а у Клары в 2/5 раз меньше ручек, чем у Элис, что равно 24 ручкам. Следовательно, разница в количестве ручек у Элис и Клары составляет 24.|EOM|Teacher: (telling)Нет. У Элис 60 ручек, а у Клары 24 ручки. Какова разница в количестве ручек?|EOM|Student: Разница в количестве ручек у Элис и Клары составляет 36. У Элис 60 ручек, а у Клары 24 ручки, поэтому разница составляет 60-24 = 36 ручек.|EOM|Teacher: (focus)Правильно. Помни, что это также разница в их возрасте. Итак, если Элис 20 лет, не мог бы ты выяснить, сколько лет Кларе сейчас и сколько ей будет через 5 лет?|EOM|Student: Если Элис 20 лет, Кларе 24+20 = 44 года. Через пять лет Кларе будет 44+5 = 49 лет.|EOM|Teacher: (telling)Вспомни разницу в ручках, которую ты вычислил, и реши ещё раз.|EOM|Student: Если у Элис 60 ручек, а у Клары в 2/5 раз меньше ручек, чем у Элис, у Клары 2/5*60 = 24 ручки. Разница в возрасте между Элис и Кларой составляет 24, учитывая, что разница в количестве ручек у Элис и Клары соответствует разнице в их возрасте. Если Элис 20 лет, Кларе 24+20 = 44 года. Через пять лет Кларе будет 44+5 = 49 лет.|EOM|Teacher: (telling)Нет. 24 — это не разница в количестве ручек, а также не разница в их возрасте. Вспомни, когда мы вычисляли разницу в количестве ручек.|EOM|Student: Разница в количестве ручек у Элис и Клары составляет 36. У Элис 60 ручек, а у Клары 24 ручки, поэтому разница составляет 60-24 = 36 ручек. Разница в возрасте между Элис и Кларой также составляет 36, учитывая, что разница в количестве ручек у Элис и Клары соответствует разнице в их возрасте. Если Элис 20 лет, Кларе 36+20 = 56 лет. Через пять лет Кларе будет 56+5 = 61 год."
D49,5001070,5,"Соседи Джейка нанимают его, чтобы он подстриг их газон и посадил цветы. Стрижка газона занимает 1 час и оплачивается $15. Если Джейк хочет зарабатывать $20/час, работая на соседей, а посадка цветов занимает 2 часа, сколько в общей сложности (не за час) должен взять Джейк за посадку цветов?","Сначала выясни, сколько всего часов работает Джейк, сложив время, потраченное на стрижку газона, и время, потраченное на посадку цветов: 1 час + 2 часа = 3 часа
Затем выясни, сколько денег зарабатывает Джейк, если он получает $20/час за три часа, умножив затраченное время на ставку оплаты: $20/час * 3 часа = $60
Затем вычти деньги, которые Джейк получает за стрижку газона, из общей суммы, чтобы найти, сколько в общей сложности он должен взять за посадку цветов: $60 - $15 = $45
 45","Джейк хочет зарабатывать $20/час, а это значит, что он хочет зарабатывать $20 за каждый час работы.
Стрижка газона занимает 1 час и оплачивается $15, поэтому Джейк зарабатывает $15 за каждый час стрижки.
Чтобы компенсировать разницу и зарабатывать $20 в час, Джейку нужно зарабатывать $20 - $15 = $5 за каждый час посадки.
Посадка занимает 2 часа, поэтому Джейк должен взять 2 x $5 = $10 за посадку цветов.
 10",Alejandra is a 7th grade student. She has problem with understanding of what steps or procedures are required to solve a problem.,The student's original answer seemed very confused but they quickly got teh corretc answer with some guidance.,Yes,4,4,"Teacher: (probing)Сколько всего Джейк хочет заработать за 3 часа?|EOM|Student: Джейк хочет зарабатывать $20/час, поэтому он хочет заработать в общей сложности $20 x 3 часа = $60 за 3 часа работы.|EOM|Teacher: (telling)За первый час Джейк зарабатывает только $15. Джейку нужно заработать больше $20 за оставшиеся 2 часа?|EOM|Student: Да, Джейку нужно заработать больше $20 за оставшиеся 2 часа, чтобы в итоге получить $60. Ему нужно заработать $45 за оставшиеся 2 часа, а это значит, что ему нужно заработать $20 + $25 = $45 за оставшиеся 2 часа.|EOM|Teacher: (focus)Как быстро! У тебя правильный ответ! Молодец!|EOM|Student: Спасибо! Я рад, что смог разобраться в задаче и получить правильный ответ."
D50,5000928,3,"Кейтлин делает браслеты, чтобы продавать на фермерском рынке каждую неделю. Каждый браслет требует в два раза больше маленьких бусин, чем больших. Если каждый браслет использует 12 больших бусин, и у Кейтлин есть 528 бусин, причём больших и маленьких поровну, сколько браслетов она может сделать на эти выходные?","У Кейтлин есть 528/2 = 264 маленькие бусины.
Каждому браслету нужно 12 * 2 = 24 маленькие бусины.
Таким образом, Кейтлин может сделать 264/24 = 11 браслетов для фермерского рынка на эти выходные.
 11","Поскольку каждый браслет требует в два раза больше маленьких бусин, чем больших, Кейтлин использует 12 x 2 = 24 маленькие бусины на браслет.
На каждый браслет Кейтлин использует в общей сложности 12 + 24 = 36 бусин.
Поскольку у неё поровну больших и маленьких бусин, у Кейтлин есть в общей сложности 528/2 = 264 большие бусины.
Следовательно, Кейтлин может сделать 264/12 = 22 браслета на эти выходные.
 22",Claire is a 7th grade student. She has problem with understanding of underlying ideas and principles and a recognition of when to apply them.,"The student seemed convinced that they would run out of large beads first, even though small beads were used at twice the rate for each bracelet. I couldn't convince her otherwise.",No,2,2,"Teacher: (focus)Давай разберём это по шагам, сколько маленьких бусин есть у Кейтлин? А также сколько больших бусин?|EOM|Student: У Кейтлин есть 528 бусин, причём больших и маленьких поровну, поэтому у неё есть 264 большие бусины и 264 маленькие бусины.|EOM|Teacher: (focus)У Кейтлин сначала закончатся маленькие бусины или большие?|EOM|Student: У Кейтлин сначала закончатся большие бусины, потому что каждый браслет использует в два раза больше маленьких бусин, чем больших.|EOM|Teacher: (focus)Подумай об этом ещё раз, ты говоришь, что «каждый браслет использует в два раза больше маленьких бусин, чем больших». Так что, у Кейтлин сначала закончатся бусины какого размера?|EOM|Student: У Кейтлин сначала закончатся большие бусины, потому что каждый браслет использует в два раза больше маленьких бусин, чем больших. Поэтому она израсходует свои большие бусины до того, как у неё закончатся маленькие.|EOM|Teacher: (focus)Итак, браслет использует только 12 больших бусин, но также использует 24 маленькие бусины. После изготовления одного браслета, сколько больших бусин остаётся у Кейтлин? А сколько маленьких?|EOM|Student: После изготовления одного браслета, у Кейтлин останется 264 - 12 = 252 большие бусины и 264 - 24 = 240 маленьких бусин.|EOM|Teacher: (focus)Итак, после изготовления одного браслета у Кейтлин больше больших бусин (252), чем маленьких (240). Так что, бусины какого размера у Кейтлин закончатся первыми?|EOM|Student: У Кейтлин сначала закончатся большие бусины, потому что у неё меньше больших бусин, чем маленьких.|EOM|Teacher: (focus)Почему ты говоришь, что у Кейтлин меньше больших бусин, чем маленьких?|EOM|Student: У Кейтлин есть 264 большие бусины и 264 маленькие бусины, но каждый браслет использует в два раза больше маленьких бусин, чем больших. Это означает, что для каждого браслета, который она делает, она расходует в два раза больше маленьких бусин, чем больших, поэтому у неё сначала закончатся большие бусины.|EOM|Teacher: (focus)То, что ты написал, не совсем верно. Как возможно, чтобы у Кейтлин сначала закончились большие бусины до маленьких?|EOM|Student: У Кейтлин сначала закончатся большие бусины, потому что каждый браслет требует 12 больших бусин и 24 маленьких бусины. Это означает, что для каждого браслета, который она делает, она расходует 12 больших бусин и 24 маленьких бусины. Поскольку у неё поровну больших и маленьких бусин, у неё сначала закончатся большие бусины до того, как закончатся маленькие.|EOM|Teacher: (probing)Итак, представь, что у Кейтлин есть только 24 большие бусины и только 24 маленькие бусины, сколько браслетов она может сделать и почему?|EOM|Student: Кейтлин может сделать один браслет, потому что каждый браслет требует 12 больших бусин и 24 маленьких бусины. Поскольку у неё есть только 24 большие бусины и 24 маленькие бусины, она может сделать только один браслет.|EOM|Teacher: (probing)Итак, если применить ту же логику к задаче...|EOM|Student: Если у Кейтлин есть 528 бусин, причём больших и маленьких поровну, то она может сделать 528/36 = 14.67 браслета. Поскольку она не может сделать часть браслета, она может сделать только 14 браслетов.|EOM|Teacher: (probing)Не совсем верно. Ограничением на количество браслетов, которые можно сделать, является количество маленьких бусин или количество больших бусин?|EOM|Student: Ограничением на количество браслетов, которые можно сделать, является количество больших бусин, потому что каждый браслет требует 12 больших бусин и 24 маленьких бусины. Поскольку у Кейтлин есть 264 большие бусины, она может сделать максимум 264/12 = 22 браслета.|EOM|Teacher: (probing)Но когда мы рассматривали пример с 24 большими бусинами и 24 маленькими бусинами, ты указал, что ограничением было количество маленьких бусин, и поэтому можно было сделать только один браслет...|EOM|Student: В примере с 24 большими бусинами и 24 маленькими бусинами ограничением было количество маленьких бусин, потому что каждый браслет требует 24 маленьких бусины. Поскольку у Кейтлин было только 24 маленьких бусины, она могла сделать только один браслет. Однако в задаче с 528 бусинами ограничением является количество больших бусин, потому что каждый браслет требует 12 больших бусин. Поскольку у Кейтлин есть 264 большие бусины, она может сделать максимум 264/12 = 22 браслета.|EOM|Teacher: (probing)Каждый браслет действительно требует 12 больших бусин, но не требует ли каждый браслет также 24 маленьких бусин (в два раза больше). Как у Кейтлин могут сначала закончиться большие бусины до маленьких?|EOM|Student: У Кейтлин могут сначала закончиться большие бусины до маленьких, потому что у неё меньше больших бусин, чем маленьких. Каждый браслет требует 12 больших бусин и 24 маленьких бусины. Поскольку у Кейтлин есть 264 большие бусины и 264 маленькие бусины, она израсходует свои большие бусины до того, как у неё закончатся маленькие. Поэтому она может сделать максимум 264/12 = 22 браслета.|EOM|Teacher: (probing)У Кейтлин точно такое же количество больших бусин, как и маленьких, не так ли?|EOM|Student: Да, у Кейтлин одинаковое количество больших и маленьких бусин, но каждый браслет требует в два раза больше маленьких бусин, чем больших. Поэтому для каждого браслета, который она делает, она расходует в два раза больше маленьких бусин, чем больших. Это означает, что у неё сначала закончатся большие бусины до того, как закончатся маленькие, и она может сделать максимум 264/12 = 22 браслета.|EOM|"
